step,total_loss,learning_rate,beats_features,whisper_features
0,3.1328125,0.01,"['/m/09x0r', '/m/0ytgt', '/t/dd00121', '/m/07qyrcz', '/m/07phxs1']", What is the highest mountain in the world?
1,3.908203125,0.01,"['/m/09x0r', '/m/0ytgt', '/t/dd00121', '/m/07qyrcz', '/m/07phxs1']", What is the highest mountain in the world?
2,3.509765625,0.01,"['/m/09x0r', '/m/0ytgt', '/t/dd00121', '/m/07qyrcz', '/m/07phxs1']", What is the highest mountain in the world?
3,3.1328125,0.01,"['/m/09x0r', '/m/0ytgt', '/t/dd00121', '/m/07qyrcz', '/m/07phxs1']", What is the highest mountain in the world?
4,3.947265625,0.01,"['/m/09x0r', '/m/0ytgt', '/t/dd00121', '/m/07qyrcz', '/m/07phxs1']", What is the highest mountain in the world?
5,3.8046875,0.01,"['/m/09x0r', '/m/0ytgt', '/t/dd00121', '/m/07qyrcz', '/m/07phxs1']", What is the highest mountain in the world?
6,3.2578125,0.01,"['/m/09x0r', '/m/0ytgt', '/t/dd00121', '/m/07qyrcz', '/m/07phxs1']", What is the highest mountain in the world?
7,3.884765625,0.01,"['/m/09x0r', '/m/0ytgt', '/t/dd00121', '/m/07qyrcz', '/m/07phxs1']", What is the highest mountain in the world?
8,3.275390625,0.01,"['/m/09x0r', '/m/0ytgt', '/t/dd00121', '/m/07qyrcz', '/m/07phxs1']", What is the highest mountain in the world?
9,3.359375,0.01,"['/m/09x0r', '/m/0ytgt', '/t/dd00121', '/m/07qyrcz', '/m/07phxs1']", What is the highest mountain in the world?
10,3.0390625,0.01,"['/m/09x0r', '/m/0ytgt', '/t/dd00121', '/m/07qyrcz', '/m/07phxs1']", What is the highest mountain in the world?
11,3.587890625,0.01,"['/m/09x0r', '/m/0ytgt', '/t/dd00121', '/m/07qyrcz', '/m/07phxs1']", What is the highest mountain in the world?
12,3.26171875,0.01,"['/m/09x0r', '/m/0ytgt', '/t/dd00121', '/m/07qyrcz', '/m/07phxs1']", What is the highest mountain in the world?
13,3.564453125,0.01,"['/m/09x0r', '/m/0ytgt', '/t/dd00121', '/m/07qyrcz', '/m/07phxs1']", What is the highest mountain in the world?
14,3.5234375,0.01,"['/m/09x0r', '/m/0ytgt', '/t/dd00121', '/m/07qyrcz', '/m/07phxs1']", What is the highest mountain in the world?
15,3.830078125,0.01,"['/m/09x0r', '/m/0ytgt', '/t/dd00121', '/m/07qyrcz', '/m/07phxs1']", What is the highest mountain in the world?
16,3.71484375,0.01,"['/m/09x0r', '/m/0ytgt', '/t/dd00121', '/m/07qyrcz', '/m/07phxs1']", What is the highest mountain in the world?
17,4.03515625,0.01,"['/m/09x0r', '/m/0ytgt', '/t/dd00121', '/m/07qyrcz', '/m/07phxs1']", What is the highest mountain in the world?
18,3.892578125,0.01,"['/m/09x0r', '/m/0ytgt', '/t/dd00121', '/m/07qyrcz', '/m/07phxs1']", What is the highest mountain in the world?
19,3.2734375,0.01,"['/m/09x0r', '/m/0ytgt', '/t/dd00121', '/m/07qyrcz', '/m/07phxs1']", What is the highest mountain in the world?
20,3.2109375,0.01,"['/m/09x0r', '/m/0ytgt', '/t/dd00121', '/m/07qyrcz', '/m/07phxs1']", What is the highest mountain in the world?
21,2.9921875,0.01,"['/m/09x0r', '/m/0ytgt', '/t/dd00121', '/m/07qyrcz', '/m/07phxs1']", What is the highest mountain in the world?
22,3.052734375,0.01,"['/m/09x0r', '/m/0ytgt', '/t/dd00121', '/m/07qyrcz', '/m/07phxs1']", What is the highest mountain in the world?
23,3.357421875,0.01,"['/m/09x0r', '/m/0ytgt', '/t/dd00121', '/m/07qyrcz', '/m/07phxs1']", What is the highest mountain in the world?
24,3.4296875,0.01,"['/m/09x0r', '/m/0ytgt', '/t/dd00121', '/m/07qyrcz', '/m/07phxs1']", What is the highest mountain in the world?
25,2.921875,0.01,"['/m/09x0r', '/m/0ytgt', '/t/dd00121', '/m/07qyrcz', '/m/07phxs1']", What is the highest mountain in the world?
26,3.759765625,0.01,"['/m/09x0r', '/m/0ytgt', '/t/dd00121', '/m/07qyrcz', '/m/07phxs1']", What is the highest mountain in the world?
27,3.59765625,0.01,"['/m/09x0r', '/m/0ytgt', '/t/dd00121', '/m/07qyrcz', '/m/07phxs1']", What is the highest mountain in the world?
28,3.302734375,0.01,"['/m/09x0r', '/m/0ytgt', '/t/dd00121', '/m/07qyrcz', '/m/07phxs1']", What is the highest mountain in the world?
29,2.892578125,0.01,"['/m/09x0r', '/m/0ytgt', '/t/dd00121', '/m/07qyrcz', '/m/07phxs1']", What is the highest mountain in the world?
30,3.85546875,0.01,"['/m/09x0r', '/m/0ytgt', '/t/dd00121', '/m/07qyrcz', '/m/07phxs1']", What is the highest mountain in the world?
31,3.2421875,0.01,"['/m/09x0r', '/m/0ytgt', '/t/dd00121', '/m/07qyrcz', '/m/07phxs1']", What is the highest mountain in the world?
32,3.8046875,0.01,"['/m/09x0r', '/m/0ytgt', '/t/dd00121', '/m/07qyrcz', '/m/07phxs1']", What is the highest mountain in the world?
33,3.15234375,0.01,"['/m/09x0r', '/m/0ytgt', '/t/dd00121', '/m/07qyrcz', '/m/07phxs1']", What is the highest mountain in the world?
34,3.30078125,0.01,"['/m/09x0r', '/m/0ytgt', '/t/dd00121', '/m/07qyrcz', '/m/07phxs1']", What is the highest mountain in the world?
35,3.75390625,0.01,"['/m/09x0r', '/m/0ytgt', '/t/dd00121', '/m/07qyrcz', '/m/07phxs1']", What is the highest mountain in the world?
36,2.806640625,0.01,"['/m/09x0r', '/m/0ytgt', '/t/dd00121', '/m/07qyrcz', '/m/07phxs1']", What is the highest mountain in the world?
37,3.099609375,0.01,"['/m/09x0r', '/m/0ytgt', '/t/dd00121', '/m/07qyrcz', '/m/07phxs1']", What is the highest mountain in the world?
38,3.060546875,0.01,"['/m/09x0r', '/m/0ytgt', '/t/dd00121', '/m/07phxs1', '/m/07qyrcz']", What is the highest mountain in the world?
39,3.150390625,0.01,"['/m/09x0r', '/m/0ytgt', '/t/dd00121', '/m/07phxs1', '/m/07qyrcz']", What is the highest mountain in the world?
40,3.0078125,0.01,"['/m/09x0r', '/m/0ytgt', '/t/dd00121', '/m/07phxs1', '/m/07qyrcz']", What is the highest mountain in the world?
41,4.1640625,0.01,"['/m/09x0r', '/m/0ytgt', '/t/dd00121', '/m/07phxs1', '/m/07qyrcz']", What is the highest mountain in the world?
42,3.76171875,0.01,"['/m/09x0r', '/m/0ytgt', '/t/dd00121', '/m/07phxs1', '/m/07qyrcz']", What is the highest mountain in the world?
43,3.1171875,0.01,"['/m/09x0r', '/m/0ytgt', '/t/dd00121', '/m/07phxs1', '/m/07qyrcz']", What is the highest mountain in the world?
44,3.30078125,0.01,"['/m/09x0r', '/m/0ytgt', '/t/dd00121', '/m/07phxs1', '/m/07qyrcz']", What is the highest mountain in the world?
45,3.1953125,0.01,"['/m/09x0r', '/m/0ytgt', '/t/dd00121', '/m/07phxs1', '/m/07qyrcz']", What is the highest mountain in the world?
46,2.771484375,0.01,"['/m/09x0r', '/m/0ytgt', '/t/dd00121', '/m/07phxs1', '/m/07qyrcz']", What is the highest mountain in the world?
47,3.970703125,0.01,"['/m/09x0r', '/m/0ytgt', '/t/dd00121', '/m/07phxs1', '/m/07qyrcz']", What is the highest mountain in the world?
48,3.00390625,0.01,"['/m/09x0r', '/m/0ytgt', '/t/dd00121', '/m/07phxs1', '/m/07qyrcz']", What is the highest mountain in the world?
49,3.728515625,0.01,"['/m/09x0r', '/m/0ytgt', '/t/dd00121', '/m/07phxs1', '/m/07qyrcz']", What is the highest mountain in the world?
50,3.3828125,0.01,"['/m/09x0r', '/m/0ytgt', '/t/dd00121', '/m/07phxs1', '/m/07qyrcz']", What is the highest mountain in the world?
51,3.189453125,0.01,"['/m/09x0r', '/m/0ytgt', '/t/dd00121', '/m/07phxs1', '/m/07qyrcz']", What is the highest mountain in the world?
52,3.896484375,0.01,"['/m/09x0r', '/m/0ytgt', '/t/dd00121', '/m/07phxs1', '/m/07qyrcz']", What is the highest mountain in the world?
53,3.662109375,0.01,"['/m/09x0r', '/m/0ytgt', '/t/dd00121', '/m/07phxs1', '/m/07qyrcz']", What is the highest mountain in the world?
54,2.84375,0.01,"['/m/09x0r', '/m/0ytgt', '/t/dd00121', '/m/07phxs1', '/m/07qyrcz']", What is the highest mountain in the world?
55,3.80078125,0.01,"['/m/09x0r', '/m/0ytgt', '/t/dd00121', '/m/07phxs1', '/m/07qyrcz']", What is the highest mountain in the world?
56,4.1328125,0.01,"['/m/09x0r', '/m/0ytgt', '/t/dd00121', '/m/07phxs1', '/m/07qyrcz']", What is the highest mountain in the world?
57,3.412109375,0.01,"['/m/09x0r', '/m/0ytgt', '/t/dd00121', '/m/07phxs1', '/m/07qyrcz']", What is the highest mountain in the world?
58,3.859375,0.01,"['/m/09x0r', '/m/0ytgt', '/t/dd00121', '/m/07phxs1', '/m/07qyrcz']", What is the highest mountain in the world?
59,3.318359375,0.01,"['/m/09x0r', '/m/0ytgt', '/t/dd00121', '/m/07phxs1', '/m/07qyrcz']", What is the highest mountain in the world?
60,3.634765625,0.01,"['/m/09x0r', '/m/0ytgt', '/t/dd00121', '/m/07phxs1', '/m/07qyrcz']", What is the highest mountain in the world?
61,3.599609375,0.01,"['/m/09x0r', '/m/0ytgt', '/t/dd00121', '/m/07phxs1', '/m/07qyrcz']", What is the highest mountain in the world?
62,3.630859375,0.01,"['/m/09x0r', '/m/0ytgt', '/t/dd00121', '/m/07phxs1', '/m/07qyrcz']", What is the highest mountain in the world?
63,3.390625,0.01,"['/m/09x0r', '/m/0ytgt', '/t/dd00121', '/m/07phxs1', '/m/07qyrcz']", What is the highest mountain in the world?
64,3.431640625,0.01,"['/m/09x0r', '/m/0ytgt', '/t/dd00121', '/m/07phxs1', '/m/07qyrcz']", What is the highest mountain in the world?
65,3.59375,0.01,"['/m/09x0r', '/m/0ytgt', '/t/dd00121', '/m/07phxs1', '/m/07qyrcz']", What is the highest mountain in the world?
66,3.8671875,0.01,"['/m/09x0r', '/m/0ytgt', '/t/dd00121', '/m/07phxs1', '/m/07qyrcz']", What is the highest mountain in the world?
67,3.521484375,0.01,"['/m/09x0r', '/m/0ytgt', '/t/dd00121', '/m/07phxs1', '/m/07qyrcz']", What is the highest mountain in the world?
68,3.50390625,0.01,"['/m/09x0r', '/m/0ytgt', '/t/dd00121', '/m/07phxs1', '/m/07qyrcz']", What is the highest mountain in the world?
69,3.810546875,0.01,"['/m/09x0r', '/m/0ytgt', '/t/dd00121', '/m/07phxs1', '/m/07qyrcz']", What is the highest mountain in the world?
70,3.43359375,0.01,"['/m/09x0r', '/m/0ytgt', '/t/dd00121', '/m/07phxs1', '/m/07qyrcz']", What is the highest mountain in the world?
71,3.478515625,0.01,"['/m/09x0r', '/m/0ytgt', '/t/dd00121', '/m/07phxs1', '/m/07qyrcz']", What is the highest mountain in the world?
72,3.134765625,0.01,"['/m/09x0r', '/m/0ytgt', '/t/dd00121', '/m/07phxs1', '/m/07qyrcz']", What is the highest mountain in the world?
73,3.884765625,0.01,"['/m/09x0r', '/m/0ytgt', '/t/dd00121', '/m/07phxs1', '/m/07qyrcz']", What is the highest mountain in the world?
74,2.8203125,0.01,"['/m/09x0r', '/m/0ytgt', '/t/dd00121', '/m/07phxs1', '/m/07qyrcz']", What is the highest mountain in the world?
75,3.072265625,0.01,"['/m/09x0r', '/m/0ytgt', '/t/dd00121', '/m/07phxs1', '/m/07qyrcz']", What is the highest mountain in the world?
76,3.453125,0.01,"['/m/09x0r', '/m/0ytgt', '/t/dd00121', '/m/07phxs1', '/m/07qyrcz']", What is the highest mountain in the world?
77,3.400390625,0.01,"['/m/09x0r', '/m/0ytgt', '/t/dd00121', '/m/07phxs1', '/m/07qyrcz']", What is the highest mountain in the world?
78,3.525390625,0.01,"['/m/09x0r', '/m/0ytgt', '/t/dd00121', '/m/07phxs1', '/m/07qyrcz']", What is the highest mountain in the world?
79,3.4453125,0.01,"['/m/09x0r', '/m/0ytgt', '/t/dd00121', '/m/07phxs1', '/m/07qyrcz']", What is the highest mountain in the world?
80,4.0703125,0.01,"['/m/09x0r', '/m/0ytgt', '/t/dd00121', '/m/07phxs1', '/m/07qyrcz']", What is the highest mountain in the world?
81,3.13671875,0.01,"['/m/09x0r', '/m/0ytgt', '/t/dd00121', '/m/07phxs1', '/m/07qyrcz']", What is the highest mountain in the world?
82,3.83203125,0.01,"['/m/09x0r', '/m/0ytgt', '/t/dd00121', '/m/07phxs1', '/m/07qyrcz']", What is the highest mountain in the world?
83,3.728515625,0.01,"['/m/09x0r', '/m/0ytgt', '/t/dd00121', '/m/07phxs1', '/m/07qyrcz']", What is the highest mountain in the world?
84,3.23046875,0.01,"['/m/09x0r', '/m/0ytgt', '/t/dd00121', '/m/07phxs1', '/m/07qyrcz']", What is the highest mountain in the world?
85,2.81640625,0.01,"['/m/09x0r', '/m/0ytgt', '/t/dd00121', '/m/07phxs1', '/m/07qyrcz']", What is the highest mountain in the world?
86,3.494140625,0.01,"['/m/09x0r', '/m/0ytgt', '/t/dd00121', '/m/07phxs1', '/m/07qyrcz']", What is the highest mountain in the world?
87,3.990234375,0.01,"['/m/09x0r', '/m/0ytgt', '/t/dd00121', '/m/07phxs1', '/m/07qyrcz']", What is the highest mountain in the world?
88,3.818359375,0.01,"['/m/09x0r', '/m/0ytgt', '/t/dd00121', '/m/07phxs1', '/m/07qyrcz']", What is the highest mountain in the world?
89,3.9609375,0.01,"['/m/09x0r', '/m/0ytgt', '/t/dd00121', '/m/07phxs1', '/m/07qyrcz']", What is the highest mountain in the world?
90,3.40625,0.01,"['/m/09x0r', '/m/0ytgt', '/t/dd00121', '/m/07phxs1', '/m/07qyrcz']", What is the highest mountain in the world?
91,4.19140625,0.01,"['/m/09x0r', '/m/0ytgt', '/t/dd00121', '/m/07phxs1', '/m/07qyrcz']", What is the highest mountain in the world?
92,3.509765625,0.01,"['/m/09x0r', '/m/0ytgt', '/t/dd00121', '/m/07phxs1', '/m/07qyrcz']", What is the highest mountain in the world?
93,2.884765625,0.01,"['/m/09x0r', '/m/0ytgt', '/t/dd00121', '/m/07phxs1', '/m/07qyrcz']", What is the highest mountain in the world?
94,3.30859375,0.01,"['/m/09x0r', '/m/0ytgt', '/t/dd00121', '/m/07phxs1', '/m/07qyrcz']", What is the highest mountain in the world?
95,3.251953125,0.01,"['/m/09x0r', '/m/0ytgt', '/t/dd00121', '/m/07phxs1', '/m/07qyrcz']", What is the highest mountain in the world?
96,3.4921875,0.01,"['/m/09x0r', '/m/0ytgt', '/t/dd00121', '/m/07phxs1', '/m/07qyrcz']", What is the highest mountain in the world?
97,3.11328125,0.01,"['/m/09x0r', '/m/0ytgt', '/t/dd00121', '/m/07phxs1', '/m/07qyrcz']", What is the highest mountain in the world?
98,3.6640625,0.01,"['/m/09x0r', '/m/0ytgt', '/t/dd00121', '/m/07phxs1', '/m/07qyrcz']", What is the highest mountain in the world?
99,3.23828125,0.01,"['/m/09x0r', '/m/0ytgt', '/t/dd00121', '/m/07phxs1', '/m/07qyrcz']", What is the highest mountain in the world?
100,3.35546875,0.01,"['/m/09x0r', '/m/0ytgt', '/t/dd00121', '/m/07phxs1', '/m/07qyrcz']", What is the highest mountain in the world?
101,3.80859375,0.01,"['/m/09x0r', '/m/0ytgt', '/t/dd00121', '/m/07phxs1', '/m/07qyrcz']", What is the highest mountain in the world?
102,4.00390625,0.01,"['/m/09x0r', '/m/0ytgt', '/t/dd00121', '/m/07phxs1', '/m/07qyrcz']", What is the highest mountain in the world?
103,3.724609375,0.01,"['/m/09x0r', '/m/0ytgt', '/t/dd00121', '/m/07phxs1', '/m/07qyrcz']", What is the highest mountain in the world?
104,3.296875,0.01,"['/m/09x0r', '/m/0ytgt', '/t/dd00121', '/m/07phxs1', '/m/07qyrcz']", What is the highest mountain in the world?
105,3.181640625,0.01,"['/m/09x0r', '/m/0ytgt', '/t/dd00121', '/m/07phxs1', '/m/07qyrcz']", What is the highest mountain in the world?
106,3.564453125,0.01,"['/m/09x0r', '/m/0ytgt', '/t/dd00121', '/m/07phxs1', '/m/07qyrcz']", What is the highest mountain in the world?
107,3.732421875,0.01,"['/m/09x0r', '/m/0ytgt', '/t/dd00121', '/m/07phxs1', '/m/07qyrcz']", What is the highest mountain in the world?
108,3.587890625,0.01,"['/m/09x0r', '/m/0ytgt', '/t/dd00121', '/m/07phxs1', '/m/07qyrcz']", What is the highest mountain in the world?
109,3.279296875,0.01,"['/m/09x0r', '/m/0ytgt', '/t/dd00121', '/m/07phxs1', '/m/07qyrcz']", What is the highest mountain in the world?
110,3.787109375,0.01,"['/m/09x0r', '/m/0ytgt', '/t/dd00121', '/m/07phxs1', '/m/07qyrcz']", What is the highest mountain in the world?
111,3.595703125,0.01,"['/m/09x0r', '/m/0ytgt', '/t/dd00121', '/m/07phxs1', '/m/07qyrcz']", What is the highest mountain in the world?
112,3.201171875,0.01,"['/m/09x0r', '/m/0ytgt', '/t/dd00121', '/m/07phxs1', '/m/07qyrcz']", What is the highest mountain in the world?
113,3.41796875,0.01,"['/m/09x0r', '/m/0ytgt', '/t/dd00121', '/m/07phxs1', '/m/07qyrcz']", What is the highest mountain in the world?
114,3.541015625,0.01,"['/m/09x0r', '/m/0ytgt', '/t/dd00121', '/m/07phxs1', '/m/07qyrcz']", What is the highest mountain in the world?
115,3.7734375,0.01,"['/m/09x0r', '/m/0ytgt', '/t/dd00121', '/m/07phxs1', '/m/07qyrcz']", What is the highest mountain in the world?
116,3.271484375,0.01,"['/m/09x0r', '/m/0ytgt', '/t/dd00121', '/m/07phxs1', '/m/07qyrcz']", What is the highest mountain in the world?
117,3.189453125,0.01,"['/m/09x0r', '/m/0ytgt', '/t/dd00121', '/m/07phxs1', '/m/07qyrcz']", What is the highest mountain in the world?
118,2.98828125,0.01,"['/m/09x0r', '/m/0ytgt', '/t/dd00121', '/m/07phxs1', '/m/07qyrcz']", What is the highest mountain in the world?
119,3.357421875,0.01,"['/m/09x0r', '/m/0ytgt', '/t/dd00121', '/m/07phxs1', '/m/07qyrcz']", What is the highest mountain in the world?
120,4.26953125,0.01,"['/m/09x0r', '/m/0ytgt', '/t/dd00121', '/m/07phxs1', '/m/07qyrcz']", What is the highest mountain in the world?
121,4.06640625,0.01,"['/m/09x0r', '/m/0ytgt', '/t/dd00121', '/m/07phxs1', '/m/07qyrcz']", What is the highest mountain in the world?
122,3.44140625,0.01,"['/m/09x0r', '/m/0ytgt', '/t/dd00121', '/m/07phxs1', '/m/07qyrcz']", What is the highest mountain in the world?
123,2.703125,0.01,"['/m/09x0r', '/m/0ytgt', '/t/dd00121', '/m/07phxs1', '/m/07qyrcz']", What is the highest mountain in the world?
124,3.845703125,0.01,"['/m/09x0r', '/m/0ytgt', '/t/dd00121', '/m/07phxs1', '/m/07qyrcz']", What is the highest mountain in the world?
125,3.740234375,0.01,"['/m/09x0r', '/m/0ytgt', '/t/dd00121', '/m/07phxs1', '/m/07qyrcz']", What is the highest mountain in the world?
126,3.623046875,0.01,"['/m/09x0r', '/m/0ytgt', '/t/dd00121', '/m/07phxs1', '/m/07qyrcz']", What is the highest mountain in the world?
127,3.966796875,0.01,"['/m/09x0r', '/m/0ytgt', '/t/dd00121', '/m/07phxs1', '/m/07qyrcz']", What is the highest mountain in the world?
128,3.328125,0.01,"['/m/09x0r', '/m/0ytgt', '/t/dd00121', '/m/07phxs1', '/m/07qyrcz']", What is the highest mountain in the world?
129,3.609375,0.01,"['/m/09x0r', '/m/0ytgt', '/t/dd00121', '/m/07phxs1', '/m/07qyrcz']", What is the highest mountain in the world?
130,4.98046875,0.01,"['/m/09x0r', '/m/0ytgt', '/t/dd00121', '/m/07phxs1', '/m/07qyrcz']", What is the highest mountain in the world?
131,3.123046875,0.01,"['/m/09x0r', '/m/0ytgt', '/t/dd00121', '/m/07phxs1', '/m/07qyrcz']", What is the highest mountain in the world?
132,3.060546875,0.01,"['/m/09x0r', '/m/0ytgt', '/t/dd00121', '/m/07phxs1', '/m/07qyrcz']", What is the highest mountain in the world?
133,3.048828125,0.01,"['/m/09x0r', '/m/0ytgt', '/t/dd00121', '/m/07phxs1', '/m/07qyrcz']", What is the highest mountain in the world?
134,2.951171875,0.01,"['/m/09x0r', '/m/0ytgt', '/t/dd00121', '/m/07phxs1', '/m/07qyrcz']", What is the highest mountain in the world?
135,3.2109375,0.01,"['/m/09x0r', '/m/0ytgt', '/t/dd00121', '/m/07phxs1', '/m/07qyrcz']", What is the highest mountain in the world?
136,3.8515625,0.01,"['/m/09x0r', '/m/0ytgt', '/t/dd00121', '/m/07phxs1', '/m/07qyrcz']", What is the highest mountain in the world?
137,3.669921875,0.01,"['/m/09x0r', '/m/0ytgt', '/t/dd00121', '/m/07phxs1', '/m/07qyrcz']", What is the highest mountain in the world?
138,3.6484375,0.01,"['/m/09x0r', '/m/0ytgt', '/t/dd00121', '/m/07phxs1', '/m/07qyrcz']", What is the highest mountain in the world?
139,3.38671875,0.01,"['/m/09x0r', '/m/0ytgt', '/t/dd00121', '/m/07phxs1', '/m/07qyrcz']", What is the highest mountain in the world?
140,3.578125,0.01,"['/m/09x0r', '/m/0ytgt', '/t/dd00121', '/m/07phxs1', '/m/07qyrcz']", What is the highest mountain in the world?
141,4.671875,0.01,"['/m/09x0r', '/m/0ytgt', '/t/dd00121', '/m/07phxs1', '/m/07qyrcz']", What is the highest mountain in the world?
142,3.701171875,0.01,"['/m/09x0r', '/m/0ytgt', '/t/dd00121', '/m/07phxs1', '/m/07qyrcz']", What is the highest mountain in the world?
143,3.359375,0.01,"['/m/09x0r', '/m/0ytgt', '/t/dd00121', '/m/07phxs1', '/m/07qyrcz']", What is the highest mountain in the world?
144,2.919921875,0.01,"['/m/09x0r', '/m/0ytgt', '/t/dd00121', '/m/07phxs1', '/m/07qyrcz']", What is the highest mountain in the world?
145,4.05078125,0.01,"['/m/09x0r', '/m/0ytgt', '/t/dd00121', '/m/07phxs1', '/m/07qyrcz']", What is the highest mountain in the world?
146,3.060546875,0.01,"['/m/09x0r', '/m/0ytgt', '/t/dd00121', '/m/07phxs1', '/m/07qyrcz']", What is the highest mountain in the world?
147,3.51953125,0.01,"['/m/09x0r', '/m/0ytgt', '/t/dd00121', '/m/07phxs1', '/m/07qyrcz']", What is the highest mountain in the world?
148,3.005859375,0.01,"['/m/09x0r', '/m/0ytgt', '/t/dd00121', '/m/07phxs1', '/m/07qyrcz']", What is the highest mountain in the world?
149,3.20703125,0.01,"['/m/09x0r', '/m/0ytgt', '/t/dd00121', '/m/07phxs1', '/m/07qyrcz']", What is the highest mountain in the world?
150,3.37890625,0.01,"['/m/09x0r', '/m/0ytgt', '/t/dd00121', '/m/07phxs1', '/m/07qyrcz']", What is the highest mountain in the world?
151,3.2890625,0.01,"['/m/09x0r', '/m/0ytgt', '/t/dd00121', '/m/07phxs1', '/m/07qyrcz']", What is the highest mountain in the world?
152,3.048828125,0.01,"['/m/09x0r', '/m/0ytgt', '/t/dd00121', '/m/07phxs1', '/m/07qyrcz']", What is the highest mountain in the world?
153,3.21875,0.01,"['/m/09x0r', '/m/0ytgt', '/t/dd00121', '/m/07phxs1', '/m/07qyrcz']", What is the highest mountain in the world?
154,3.779296875,0.01,"['/m/09x0r', '/m/0ytgt', '/t/dd00121', '/m/07phxs1', '/m/07qyrcz']", What is the highest mountain in the world?
155,3.54296875,0.01,"['/m/09x0r', '/m/0ytgt', '/t/dd00121', '/m/07phxs1', '/m/07qyrcz']", What is the highest mountain in the world?
156,3.80078125,0.01,"['/m/09x0r', '/m/0ytgt', '/t/dd00121', '/m/07phxs1', '/m/07qyrcz']", What is the highest mountain in the world?
157,3.1015625,0.01,"['/m/09x0r', '/m/0ytgt', '/t/dd00121', '/m/07phxs1', '/m/07qyrcz']", What is the highest mountain in the world?
158,3.373046875,0.01,"['/m/09x0r', '/m/0ytgt', '/t/dd00121', '/m/07phxs1', '/m/07qyrcz']", What is the highest mountain in the world?
159,3.365234375,0.01,"['/m/09x0r', '/m/0ytgt', '/t/dd00121', '/m/07phxs1', '/m/07qyrcz']", What is the highest mountain in the world?
160,3.84375,0.01,"['/m/09x0r', '/m/0ytgt', '/t/dd00121', '/m/07phxs1', '/m/07qyrcz']", What is the highest mountain in the world?
161,3.34375,0.01,"['/m/09x0r', '/m/0ytgt', '/t/dd00121', '/m/07phxs1', '/m/07qyrcz']", What is the highest mountain in the world?
162,3.357421875,0.01,"['/m/09x0r', '/m/0ytgt', '/t/dd00121', '/m/07phxs1', '/m/07qyrcz']", What is the highest mountain in the world?
163,3.16015625,0.01,"['/m/09x0r', '/m/0ytgt', '/t/dd00121', '/m/07phxs1', '/m/07qyrcz']", What is the highest mountain in the world?
164,3.451171875,0.01,"['/m/09x0r', '/m/0ytgt', '/t/dd00121', '/m/07phxs1', '/m/07qyrcz']", What is the highest mountain in the world?
165,3.458984375,0.01,"['/m/09x0r', '/m/0ytgt', '/t/dd00121', '/m/07phxs1', '/m/07qyrcz']", What is the highest mountain in the world?
166,3.326171875,0.01,"['/m/09x0r', '/m/0ytgt', '/t/dd00121', '/m/07phxs1', '/m/07qyrcz']", What is the highest mountain in the world?
167,3.34375,0.01,"['/m/09x0r', '/m/0ytgt', '/t/dd00121', '/m/07phxs1', '/m/07qyrcz']", What is the highest mountain in the world?
168,3.857421875,0.01,"['/m/09x0r', '/m/0ytgt', '/t/dd00121', '/m/07phxs1', '/m/07qyrcz']", What is the highest mountain in the world?
169,3.501953125,0.01,"['/m/09x0r', '/m/0ytgt', '/t/dd00121', '/m/07phxs1', '/m/07qyrcz']", What is the highest mountain in the world?
170,3.197265625,0.01,"['/m/09x0r', '/m/0ytgt', '/t/dd00121', '/m/07phxs1', '/m/07qyrcz']", What is the highest mountain in the world?
171,3.4296875,0.01,"['/m/09x0r', '/m/0ytgt', '/t/dd00121', '/m/07phxs1', '/m/07qyrcz']", What is the highest mountain in the world?
172,3.693359375,0.01,"['/m/09x0r', '/m/0ytgt', '/t/dd00121', '/m/07phxs1', '/m/07qyrcz']", What is the highest mountain in the world?
173,2.994140625,0.01,"['/m/09x0r', '/m/0ytgt', '/t/dd00121', '/m/07phxs1', '/m/07qyrcz']", What is the highest mountain in the world?
174,3.423828125,0.01,"['/m/09x0r', '/m/0ytgt', '/t/dd00121', '/m/07phxs1', '/m/07qyrcz']", What is the highest mountain in the world?
175,3.013671875,0.01,"['/m/09x0r', '/m/0ytgt', '/t/dd00121', '/m/07phxs1', '/m/07qyrcz']", What is the highest mountain in the world?
176,3.49609375,0.01,"['/m/09x0r', '/m/0ytgt', '/t/dd00121', '/m/07phxs1', '/m/07qyrcz']", What is the highest mountain in the world?
177,3.69140625,0.01,"['/m/09x0r', '/m/0ytgt', '/t/dd00121', '/m/07phxs1', '/m/07qyrcz']", What is the highest mountain in the world?
178,3.796875,0.01,"['/m/09x0r', '/m/0ytgt', '/t/dd00121', '/m/07phxs1', '/m/07qyrcz']", What is the highest mountain in the world?
179,3.673828125,0.01,"['/m/09x0r', '/m/0ytgt', '/t/dd00121', '/m/07phxs1', '/m/07qyrcz']", What is the highest mountain in the world?
180,3.29296875,0.01,"['/m/09x0r', '/m/0ytgt', '/t/dd00121', '/m/07phxs1', '/m/07qyrcz']", What is the highest mountain in the world?
181,3.9375,0.01,"['/m/09x0r', '/m/0ytgt', '/t/dd00121', '/m/07qyrcz', '/m/07phxs1']", What is the highest mountain in the world?
182,4.20703125,0.01,"['/m/09x0r', '/m/0ytgt', '/t/dd00121', '/m/07qyrcz', '/m/07phxs1']", What is the highest mountain in the world?
183,3.384765625,0.01,"['/m/09x0r', '/m/0ytgt', '/t/dd00121', '/m/07qyrcz', '/m/07phxs1']", What is the highest mountain in the world?
184,3.330078125,0.01,"['/m/09x0r', '/m/0ytgt', '/t/dd00121', '/m/07qyrcz', '/m/07phxs1']", What is the highest mountain in the world?
185,3.912109375,0.01,"['/m/09x0r', '/m/0ytgt', '/t/dd00121', '/m/07phxs1', '/m/07qyrcz']", What is the highest mountain in the world?
186,2.8203125,0.01,"['/m/09x0r', '/m/0ytgt', '/t/dd00121', '/m/07phxs1', '/m/07qyrcz']", What is the highest mountain in the world?
187,3.73828125,0.01,"['/m/09x0r', '/m/0ytgt', '/t/dd00121', '/m/07phxs1', '/m/07qyrcz']", What is the highest mountain in the world?
188,3.513671875,0.01,"['/m/09x0r', '/m/0ytgt', '/t/dd00121', '/m/07phxs1', '/m/07qyrcz']", What is the highest mountain in the world?
189,3.634765625,0.01,"['/m/09x0r', '/m/0ytgt', '/t/dd00121', '/m/07phxs1', '/m/07qyrcz']", What is the highest mountain in the world?
190,3.21484375,0.01,"['/m/09x0r', '/m/0ytgt', '/t/dd00121', '/m/07phxs1', '/m/07qyrcz']", What is the highest mountain in the world?
191,2.951171875,0.01,"['/m/09x0r', '/m/0ytgt', '/t/dd00121', '/m/07phxs1', '/m/07qyrcz']", What is the highest mountain in the world?
192,3.673828125,0.01,"['/m/09x0r', '/m/0ytgt', '/t/dd00121', '/m/07phxs1', '/m/07qyrcz']", What is the highest mountain in the world?
193,3.494140625,0.01,"['/m/09x0r', '/m/0ytgt', '/t/dd00121', '/m/07phxs1', '/m/07qyrcz']", What is the highest mountain in the world?
194,3.552734375,0.01,"['/m/09x0r', '/m/0ytgt', '/t/dd00121', '/m/07qyrcz', '/m/07phxs1']", What is the highest mountain in the world?
195,3.4765625,0.01,"['/m/09x0r', '/m/0ytgt', '/t/dd00121', '/m/07qyrcz', '/m/07phxs1']", What is the highest mountain in the world?
196,2.560546875,0.01,"['/m/09x0r', '/m/0ytgt', '/t/dd00121', '/m/07qyrcz', '/m/07phxs1']", What is the highest mountain in the world?
197,3.828125,0.01,"['/m/09x0r', '/m/0ytgt', '/t/dd00121', '/m/07qyrcz', '/m/07phxs1']", What is the highest mountain in the world?
198,3.78125,0.01,"['/m/09x0r', '/m/0ytgt', '/t/dd00121', '/m/07qyrcz', '/m/07phxs1']", What is the highest mountain in the world?
199,3.603515625,0.01,"['/m/09x0r', '/m/0ytgt', '/t/dd00121', '/m/07qyrcz', '/m/07phxs1']", What is the highest mountain in the world?
200,3.169921875,0.01,"['/m/09x0r', '/m/0ytgt', '/t/dd00121', '/m/07qyrcz', '/m/07phxs1']", What is the highest mountain in the world?
201,3.8203125,0.01,"['/m/09x0r', '/m/0ytgt', '/t/dd00121', '/m/07phxs1', '/m/07qyrcz']", What is the highest mountain in the world?
202,3.392578125,0.01,"['/m/09x0r', '/m/0ytgt', '/t/dd00121', '/m/07phxs1', '/m/07qyrcz']", What is the highest mountain in the world?
203,3.404296875,0.01,"['/m/09x0r', '/m/0ytgt', '/t/dd00121', '/m/07phxs1', '/m/07qyrcz']", What is the highest mountain in the world?
204,3.408203125,0.01,"['/m/09x0r', '/m/0ytgt', '/t/dd00121', '/m/07phxs1', '/m/07qyrcz']", What is the highest mountain in the world?
205,3.314453125,0.01,"['/m/09x0r', '/m/0ytgt', '/t/dd00121', '/m/07phxs1', '/m/07qyrcz']", What is the highest mountain in the world?
206,2.873046875,0.01,"['/m/09x0r', '/m/0ytgt', '/t/dd00121', '/m/07phxs1', '/m/07qyrcz']", What is the highest mountain in the world?
207,3.6484375,0.01,"['/m/09x0r', '/m/0ytgt', '/t/dd00121', '/m/07phxs1', '/m/07qyrcz']", What is the highest mountain in the world?
208,3.453125,0.01,"['/m/09x0r', '/m/0ytgt', '/t/dd00121', '/m/07phxs1', '/m/07qyrcz']", What is the highest mountain in the world?
209,3.1953125,0.01,"['/m/09x0r', '/m/0ytgt', '/t/dd00121', '/m/07phxs1', '/m/07qyrcz']", What is the highest mountain in the world?
210,3.9140625,0.01,"['/m/09x0r', '/m/0ytgt', '/t/dd00121', '/m/07phxs1', '/m/07qyrcz']", What is the highest mountain in the world?
211,3.787109375,0.01,"['/m/09x0r', '/m/0ytgt', '/t/dd00121', '/m/07phxs1', '/m/07qyrcz']", What is the highest mountain in the world?
212,3.03515625,0.01,"['/m/09x0r', '/m/0ytgt', '/t/dd00121', '/m/07phxs1', '/m/07qyrcz']", What is the highest mountain in the world?
213,3.421875,0.01,"['/m/09x0r', '/m/0ytgt', '/t/dd00121', '/m/07phxs1', '/m/07qyrcz']", What is the highest mountain in the world?
214,2.71875,0.01,"['/m/09x0r', '/m/0ytgt', '/t/dd00121', '/m/07phxs1', '/m/07qyrcz']", What is the highest mountain in the world?
215,3.3515625,0.01,"['/m/09x0r', '/m/0ytgt', '/t/dd00121', '/m/07phxs1', '/m/07qyrcz']", What is the highest mountain in the world?
216,3.212890625,0.01,"['/m/09x0r', '/m/0ytgt', '/t/dd00121', '/m/07phxs1', '/m/07qyrcz']", What is the highest mountain in the world?
217,4.1484375,0.01,"['/m/09x0r', '/m/0ytgt', '/t/dd00121', '/m/07phxs1', '/m/07qyrcz']", What is the highest mountain in the world?
218,3.328125,0.01,"['/m/09x0r', '/m/0ytgt', '/t/dd00121', '/m/07phxs1', '/m/07qyrcz']", What is the highest mountain in the world?
219,3.029296875,0.01,"['/m/09x0r', '/m/0ytgt', '/t/dd00121', '/m/07phxs1', '/m/07qyrcz']", What is the highest mountain in the world?
220,3.208984375,0.01,"['/m/09x0r', '/m/0ytgt', '/t/dd00121', '/m/07phxs1', '/m/07qyrcz']", What is the highest mountain in the world?
221,3.45703125,0.01,"['/m/09x0r', '/m/0ytgt', '/t/dd00121', '/m/07phxs1', '/m/07qyrcz']", What is the highest mountain in the world?
222,4.08203125,0.01,"['/m/09x0r', '/m/0ytgt', '/t/dd00121', '/m/07phxs1', '/m/07qyrcz']", What is the highest mountain in the world?
223,4.0234375,0.01,"['/m/09x0r', '/m/0ytgt', '/t/dd00121', '/m/07phxs1', '/m/07qyrcz']", What is the highest mountain in the world?
224,3.638671875,0.01,"['/m/09x0r', '/m/0ytgt', '/t/dd00121', '/m/07phxs1', '/m/07qyrcz']", What is the highest mountain in the world?
225,3.419921875,0.01,"['/m/09x0r', '/m/0ytgt', '/t/dd00121', '/m/07phxs1', '/m/07qyrcz']", What is the highest mountain in the world?
226,3.416015625,0.01,"['/m/09x0r', '/m/0ytgt', '/t/dd00121', '/m/07phxs1', '/m/07qyrcz']", What is the highest mountain in the world?
227,4.22265625,0.01,"['/m/09x0r', '/m/0ytgt', '/t/dd00121', '/m/07phxs1', '/m/07qyrcz']", What is the highest mountain in the world?
228,3.23046875,0.01,"['/m/09x0r', '/m/0ytgt', '/t/dd00121', '/m/07phxs1', '/m/07qyrcz']", What is the highest mountain in the world?
229,4.03515625,0.01,"['/m/09x0r', '/m/0ytgt', '/t/dd00121', '/m/07phxs1', '/m/07qyrcz']", What is the highest mountain in the world?
230,3.29296875,0.01,"['/m/09x0r', '/m/0ytgt', '/t/dd00121', '/m/07phxs1', '/m/07qyrcz']", What is the highest mountain in the world?
231,3.451171875,0.01,"['/m/09x0r', '/m/0ytgt', '/t/dd00121', '/m/07phxs1', '/m/07qyrcz']", What is the highest mountain in the world?
232,3.21484375,0.01,"['/m/09x0r', '/m/0ytgt', '/t/dd00121', '/m/07phxs1', '/m/07qyrcz']", What is the highest mountain in the world?
233,3.572265625,0.01,"['/m/09x0r', '/m/0ytgt', '/t/dd00121', '/m/07phxs1', '/m/07qyrcz']", What is the highest mountain in the world?
234,3.216796875,0.01,"['/m/09x0r', '/m/0ytgt', '/t/dd00121', '/m/07phxs1', '/m/07qyrcz']", What is the highest mountain in the world?
235,3.119140625,0.01,"['/m/09x0r', '/m/0ytgt', '/t/dd00121', '/m/07phxs1', '/m/07qyrcz']", What is the highest mountain in the world?
236,3.43359375,0.01,"['/m/09x0r', '/m/0ytgt', '/t/dd00121', '/m/07phxs1', '/m/07qyrcz']", What is the highest mountain in the world?
237,3.484375,0.01,"['/m/09x0r', '/m/0ytgt', '/t/dd00121', '/m/07phxs1', '/m/07qyrcz']", What is the highest mountain in the world?
238,2.994140625,0.01,"['/m/09x0r', '/m/0ytgt', '/t/dd00121', '/m/07phxs1', '/m/07qyrcz']", What is the highest mountain in the world?
239,4.3125,0.01,"['/m/09x0r', '/m/0ytgt', '/t/dd00121', '/m/07phxs1', '/m/07qyrcz']", What is the highest mountain in the world?
240,3.4296875,0.01,"['/m/09x0r', '/m/0ytgt', '/t/dd00121', '/m/07phxs1', '/m/07qyrcz']", What is the highest mountain in the world?
241,3.22265625,0.01,"['/m/09x0r', '/m/0ytgt', '/t/dd00121', '/m/07phxs1', '/m/07qyrcz']", What is the highest mountain in the world?
242,4.29296875,0.01,"['/m/09x0r', '/m/0ytgt', '/t/dd00121', '/m/07phxs1', '/m/07qyrcz']", What is the highest mountain in the world?
243,3.30078125,0.01,"['/m/09x0r', '/m/0ytgt', '/t/dd00121', '/m/07phxs1', '/m/07qyrcz']", What is the highest mountain in the world?
244,3.275390625,0.01,"['/m/09x0r', '/m/0ytgt', '/t/dd00121', '/m/07phxs1', '/m/07qyrcz']", What is the highest mountain in the world?
245,2.9375,0.01,"['/m/09x0r', '/m/0ytgt', '/t/dd00121', '/m/07phxs1', '/m/07qyrcz']", What is the highest mountain in the world?
246,3.44921875,0.01,"['/m/09x0r', '/m/0ytgt', '/t/dd00121', '/m/07phxs1', '/m/07qyrcz']", What is the highest mountain in the world?
247,3.2578125,0.01,"['/m/09x0r', '/m/0ytgt', '/t/dd00121', '/m/07phxs1', '/m/07qyrcz']", What is the highest mountain in the world?
248,3.6640625,0.01,"['/m/09x0r', '/m/0ytgt', '/t/dd00121', '/m/07phxs1', '/m/07qyrcz']", What is the highest mountain in the world?
249,3.076171875,0.01,"['/m/09x0r', '/m/0ytgt', '/t/dd00121', '/m/07phxs1', '/m/07qyrcz']", What is the highest mountain in the world?
250,3.1171875,0.01,"['/m/09x0r', '/m/0ytgt', '/t/dd00121', '/m/07phxs1', '/m/07qyrcz']", What is the highest mountain in the world?
251,3.1640625,0.01,"['/m/09x0r', '/m/0ytgt', '/t/dd00121', '/m/07phxs1', '/m/07qyrcz']", What is the highest mountain in the world?
252,2.845703125,0.01,"['/m/09x0r', '/m/0ytgt', '/t/dd00121', '/m/07phxs1', '/m/07qyrcz']", What is the highest mountain in the world?
253,3.15234375,0.01,"['/m/09x0r', '/m/0ytgt', '/t/dd00121', '/m/07phxs1', '/m/07qyrcz']", What is the highest mountain in the world?
254,3.626953125,0.01,"['/m/09x0r', '/m/0ytgt', '/t/dd00121', '/m/07phxs1', '/m/07qyrcz']", What is the highest mountain in the world?
255,2.48046875,0.01,"['/m/09x0r', '/m/0ytgt', '/t/dd00121', '/m/07phxs1', '/m/07qyrcz']", What is the highest mountain in the world?
256,3.46484375,0.01,"['/m/09x0r', '/m/0ytgt', '/t/dd00121', '/m/07phxs1', '/m/07qyrcz']", What is the highest mountain in the world?
257,3.177734375,0.01,"['/m/09x0r', '/m/0ytgt', '/t/dd00121', '/m/07phxs1', '/m/07qyrcz']", What is the highest mountain in the world?
258,5.34375,0.01,"['/m/09x0r', '/m/0ytgt', '/t/dd00121', '/m/07phxs1', '/m/07qyrcz']", What is the highest mountain in the world?
259,3.326171875,0.01,"['/m/09x0r', '/m/0ytgt', '/t/dd00121', '/m/07phxs1', '/m/07qyrcz']", What is the highest mountain in the world?
260,3.4140625,0.01,"['/m/09x0r', '/m/0ytgt', '/t/dd00121', '/m/07phxs1', '/m/07qyrcz']", What is the highest mountain in the world?
261,3.669921875,0.01,"['/m/09x0r', '/m/0ytgt', '/t/dd00121', '/m/07phxs1', '/m/07qyrcz']", What is the highest mountain in the world?
262,3.70703125,0.01,"['/m/09x0r', '/m/0ytgt', '/t/dd00121', '/m/07phxs1', '/m/07qyrcz']", What is the highest mountain in the world?
263,3.439453125,0.01,"['/m/09x0r', '/m/0ytgt', '/t/dd00121', '/m/07phxs1', '/m/07qyrcz']", What is the highest mountain in the world?
264,3.400390625,0.01,"['/m/09x0r', '/m/0ytgt', '/t/dd00121', '/m/07phxs1', '/m/07qyrcz']", What is the highest mountain in the world?
265,2.916015625,0.01,"['/m/09x0r', '/m/0ytgt', '/t/dd00121', '/m/07phxs1', '/m/07qyrcz']", What is the highest mountain in the world?
266,3.45703125,0.01,"['/m/09x0r', '/m/0ytgt', '/t/dd00121', '/m/07phxs1', '/m/07qyrcz']", What is the highest mountain in the world?
267,3.462890625,0.01,"['/m/09x0r', '/m/0ytgt', '/t/dd00121', '/m/07phxs1', '/m/07qyrcz']", What is the highest mountain in the world?
268,3.66796875,0.01,"['/m/09x0r', '/m/0ytgt', '/t/dd00121', '/m/07phxs1', '/m/07qyrcz']", What is the highest mountain in the world?
269,3.3671875,0.01,"['/m/09x0r', '/m/0ytgt', '/t/dd00121', '/m/07phxs1', '/m/07qyrcz']", What is the highest mountain in the world?
270,3.509765625,0.01,"['/m/09x0r', '/m/0ytgt', '/t/dd00121', '/m/07phxs1', '/m/07qyrcz']", What is the highest mountain in the world?
271,3.890625,0.01,"['/m/09x0r', '/m/0ytgt', '/t/dd00121', '/m/07phxs1', '/m/07qyrcz']", What is the highest mountain in the world?
272,2.8828125,0.01,"['/m/09x0r', '/m/0ytgt', '/t/dd00121', '/m/07phxs1', '/m/07qyrcz']", What is the highest mountain in the world?
273,3.64453125,0.01,"['/m/09x0r', '/m/0ytgt', '/t/dd00121', '/m/07phxs1', '/m/07qyrcz']", What is the highest mountain in the world?
274,2.91796875,0.01,"['/m/09x0r', '/m/0ytgt', '/t/dd00121', '/m/07phxs1', '/m/07qyrcz']", What is the highest mountain in the world?
275,3.076171875,0.01,"['/m/09x0r', '/m/0ytgt', '/t/dd00121', '/m/07phxs1', '/m/07qyrcz']", What is the highest mountain in the world?
276,3.505859375,0.01,"['/m/09x0r', '/m/0ytgt', '/t/dd00121', '/m/07phxs1', '/m/07qyrcz']", What is the highest mountain in the world?
277,3.5625,0.01,"['/m/09x0r', '/m/0ytgt', '/t/dd00121', '/m/07phxs1', '/m/07qyrcz']", What is the highest mountain in the world?
278,3.107421875,0.01,"['/m/09x0r', '/m/0ytgt', '/t/dd00121', '/m/07phxs1', '/m/07qyrcz']", What is the highest mountain in the world?
279,3.34765625,0.01,"['/m/09x0r', '/m/0ytgt', '/t/dd00121', '/m/07phxs1', '/m/07qyrcz']", What is the highest mountain in the world?
280,3.6953125,0.01,"['/m/09x0r', '/m/0ytgt', '/t/dd00121', '/m/07phxs1', '/m/07qyrcz']", What is the highest mountain in the world?
281,3.703125,0.01,"['/m/09x0r', '/m/0ytgt', '/t/dd00121', '/m/07phxs1', '/m/07qyrcz']", What is the highest mountain in the world?
282,3.3203125,0.01,"['/m/09x0r', '/m/0ytgt', '/t/dd00121', '/m/07phxs1', '/m/07qyrcz']", What is the highest mountain in the world?
283,2.935546875,0.01,"['/m/09x0r', '/m/0ytgt', '/t/dd00121', '/m/07phxs1', '/m/07qyrcz']", What is the highest mountain in the world?
284,3.392578125,0.01,"['/m/09x0r', '/m/0ytgt', '/t/dd00121', '/m/07phxs1', '/m/07qyrcz']", What is the highest mountain in the world?
285,3.0234375,0.01,"['/m/09x0r', '/m/0ytgt', '/t/dd00121', '/m/07phxs1', '/m/07qyrcz']", What is the highest mountain in the world?
286,3.279296875,0.01,"['/m/09x0r', '/m/0ytgt', '/t/dd00121', '/m/07phxs1', '/m/07qyrcz']", What is the highest mountain in the world?
287,3.001953125,0.01,"['/m/09x0r', '/m/0ytgt', '/t/dd00121', '/m/07phxs1', '/m/07qyrcz']", What is the highest mountain in the world?
288,3.3671875,0.01,"['/m/09x0r', '/m/0ytgt', '/t/dd00121', '/m/07phxs1', '/m/07qyrcz']", What is the highest mountain in the world?
289,3.6796875,0.01,"['/m/09x0r', '/m/0ytgt', '/t/dd00121', '/m/07phxs1', '/m/07qyrcz']", What is the highest mountain in the world?
290,3.61328125,0.01,"['/m/09x0r', '/m/0ytgt', '/t/dd00121', '/m/07phxs1', '/m/07qyrcz']", What is the highest mountain in the world?
291,3.599609375,0.01,"['/m/09x0r', '/m/0ytgt', '/t/dd00121', '/m/07phxs1', '/m/07qyrcz']", What is the highest mountain in the world?
292,3.072265625,0.01,"['/m/09x0r', '/m/0ytgt', '/t/dd00121', '/m/07phxs1', '/m/07qyrcz']", What is the highest mountain in the world?
293,3.119140625,0.01,"['/m/09x0r', '/m/0ytgt', '/t/dd00121', '/m/07phxs1', '/m/07qyrcz']", What is the highest mountain in the world?
294,4.19921875,0.01,"['/m/09x0r', '/m/0ytgt', '/t/dd00121', '/m/07phxs1', '/m/07qyrcz']", What is the highest mountain in the world?
295,3.322265625,0.01,"['/m/09x0r', '/m/0ytgt', '/t/dd00121', '/m/07phxs1', '/m/07qyrcz']", What is the highest mountain in the world?
296,4.27734375,0.01,"['/m/09x0r', '/m/0ytgt', '/t/dd00121', '/m/07phxs1', '/m/07qyrcz']", What is the highest mountain in the world?
297,4.30859375,0.01,"['/m/09x0r', '/m/0ytgt', '/t/dd00121', '/m/07phxs1', '/m/07qyrcz']", What is the highest mountain in the world?
298,3.5703125,0.01,"['/m/09x0r', '/m/0ytgt', '/t/dd00121', '/m/07phxs1', '/m/07qyrcz']", What is the highest mountain in the world?
299,2.802734375,0.01,"['/m/09x0r', '/m/0ytgt', '/t/dd00121', '/m/07phxs1', '/m/07qyrcz']", What is the highest mountain in the world?
300,3.224609375,0.01,"['/m/09x0r', '/m/0ytgt', '/t/dd00121', '/m/07phxs1', '/m/07qyrcz']", What is the highest mountain in the world?
301,2.986328125,0.01,"['/m/09x0r', '/m/0ytgt', '/t/dd00121', '/m/07phxs1', '/m/07qyrcz']", What is the highest mountain in the world?
302,2.732421875,0.01,"['/m/09x0r', '/m/0ytgt', '/t/dd00121', '/m/07phxs1', '/m/07qyrcz']", What is the highest mountain in the world?
303,2.81640625,0.01,"['/m/09x0r', '/m/0ytgt', '/t/dd00121', '/m/07phxs1', '/m/07qyrcz']", What is the highest mountain in the world?
304,3.466796875,0.01,"['/m/09x0r', '/m/0ytgt', '/t/dd00121', '/m/07phxs1', '/m/07qyrcz']", What is the highest mountain in the world?
305,3.064453125,0.01,"['/m/09x0r', '/m/0ytgt', '/t/dd00121', '/m/07phxs1', '/m/07qyrcz']", What is the highest mountain in the world?
306,3.328125,0.01,"['/m/09x0r', '/m/0ytgt', '/t/dd00121', '/m/07phxs1', '/m/07qyrcz']", What is the highest mountain in the world?
307,3.033203125,0.01,"['/m/09x0r', '/m/0ytgt', '/t/dd00121', '/m/07phxs1', '/m/07qyrcz']", What is the highest mountain in the world?
308,3.416015625,0.01,"['/m/09x0r', '/m/0ytgt', '/t/dd00121', '/m/07phxs1', '/m/07qyrcz']", What is the highest mountain in the world?
309,2.88671875,0.01,"['/m/09x0r', '/m/0ytgt', '/t/dd00121', '/m/07phxs1', '/m/07qyrcz']", What is the highest mountain in the world?
310,3.658203125,0.01,"['/m/09x0r', '/m/0ytgt', '/t/dd00121', '/m/07phxs1', '/m/07qyrcz']", What is the highest mountain in the world?
311,3.1875,0.01,"['/m/09x0r', '/m/0ytgt', '/t/dd00121', '/m/07phxs1', '/m/07qyrcz']", What is the highest mountain in the world?
312,2.818359375,0.01,"['/m/09x0r', '/m/0ytgt', '/t/dd00121', '/m/07phxs1', '/m/07qyrcz']", What is the highest mountain in the world?
313,3.888671875,0.01,"['/m/09x0r', '/m/0ytgt', '/t/dd00121', '/m/07phxs1', '/m/07qyrcz']", What is the highest mountain in the world?
314,3.287109375,0.01,"['/m/09x0r', '/m/0ytgt', '/t/dd00121', '/m/07phxs1', '/m/07qyrcz']", What is the highest mountain in the world?
315,3.5390625,0.01,"['/m/09x0r', '/m/0ytgt', '/t/dd00121', '/m/07qyrcz', '/m/07phxs1']", What is the highest mountain in the world?
316,3.478515625,0.01,"['/m/09x0r', '/m/0ytgt', '/t/dd00121', '/m/07phxs1', '/m/07qyrcz']", What is the highest mountain in the world?
317,3.0859375,0.01,"['/m/09x0r', '/m/0ytgt', '/t/dd00121', '/m/07phxs1', '/m/07qyrcz']", What is the highest mountain in the world?
318,4.109375,0.01,"['/m/09x0r', '/m/0ytgt', '/t/dd00121', '/m/07phxs1', '/m/07qyrcz']", What is the highest mountain in the world?
319,3.36328125,0.01,"['/m/09x0r', '/m/0ytgt', '/t/dd00121', '/m/07phxs1', '/m/07qyrcz']", What is the highest mountain in the world?
320,3.455078125,0.01,"['/m/09x0r', '/m/0ytgt', '/t/dd00121', '/m/07phxs1', '/m/07qyrcz']", What is the highest mountain in the world?
321,4.1796875,0.01,"['/m/09x0r', '/m/0ytgt', '/t/dd00121', '/m/07phxs1', '/m/07qyrcz']", What is the highest mountain in the world?
322,2.845703125,0.01,"['/m/09x0r', '/m/0ytgt', '/t/dd00121', '/m/07phxs1', '/m/07qyrcz']", What is the highest mountain in the world?
323,3.80859375,0.01,"['/m/09x0r', '/m/0ytgt', '/t/dd00121', '/m/07phxs1', '/m/07qyrcz']", What is the highest mountain in the world?
324,3.6640625,0.01,"['/m/09x0r', '/m/0ytgt', '/t/dd00121', '/m/07phxs1', '/m/07qyrcz']", What is the highest mountain in the world?
325,2.984375,0.01,"['/m/09x0r', '/m/0ytgt', '/t/dd00121', '/m/07phxs1', '/m/07qyrcz']", What is the highest mountain in the world?
326,3.330078125,0.01,"['/m/09x0r', '/m/0ytgt', '/t/dd00121', '/m/07phxs1', '/m/07qyrcz']", What is the highest mountain in the world?
327,3.873046875,0.01,"['/m/09x0r', '/m/0ytgt', '/t/dd00121', '/m/07phxs1', '/m/07qyrcz']", What is the highest mountain in the world?
328,3.095703125,0.01,"['/m/09x0r', '/m/0ytgt', '/t/dd00121', '/m/07phxs1', '/m/07qyrcz']", What is the highest mountain in the world?
329,2.97265625,0.01,"['/m/09x0r', '/m/0ytgt', '/t/dd00121', '/m/07phxs1', '/m/07qyrcz']", What is the highest mountain in the world?
330,3.578125,0.01,"['/m/09x0r', '/m/0ytgt', '/t/dd00121', '/m/07phxs1', '/m/07qyrcz']", What is the highest mountain in the world?
331,3.970703125,0.01,"['/m/09x0r', '/m/0ytgt', '/t/dd00121', '/m/07phxs1', '/m/07qyrcz']", What is the highest mountain in the world?
332,3.033203125,0.01,"['/m/09x0r', '/m/0ytgt', '/t/dd00121', '/m/07phxs1', '/m/07qyrcz']", What is the highest mountain in the world?
333,3.451171875,0.01,"['/m/09x0r', '/m/0ytgt', '/t/dd00121', '/m/07phxs1', '/m/07qyrcz']", What is the highest mountain in the world?
334,3.587890625,0.01,"['/m/09x0r', '/m/0ytgt', '/t/dd00121', '/m/07phxs1', '/m/07qyrcz']", What is the highest mountain in the world?
335,3.216796875,0.01,"['/m/09x0r', '/m/0ytgt', '/t/dd00121', '/m/07phxs1', '/m/07qyrcz']", What is the highest mountain in the world?
336,3.525390625,0.01,"['/m/09x0r', '/m/0ytgt', '/t/dd00121', '/m/07phxs1', '/m/07qyrcz']", What is the highest mountain in the world?
337,3.529296875,0.01,"['/m/09x0r', '/m/0ytgt', '/t/dd00121', '/m/07phxs1', '/m/07qyrcz']", What is the highest mountain in the world?
338,4.0625,0.01,"['/m/09x0r', '/m/0ytgt', '/t/dd00121', '/m/07phxs1', '/m/07qyrcz']", What is the highest mountain in the world?
339,3.416015625,0.01,"['/m/09x0r', '/m/0ytgt', '/t/dd00121', '/m/07phxs1', '/m/07qyrcz']", What is the highest mountain in the world?
340,3.462890625,0.01,"['/m/09x0r', '/m/0ytgt', '/t/dd00121', '/m/07phxs1', '/m/07qyrcz']", What is the highest mountain in the world?
341,3.494140625,0.01,"['/m/09x0r', '/m/0ytgt', '/t/dd00121', '/m/07phxs1', '/m/07qyrcz']", What is the highest mountain in the world?
342,3.69140625,0.01,"['/m/09x0r', '/m/0ytgt', '/t/dd00121', '/m/07phxs1', '/m/07qyrcz']", What is the highest mountain in the world?
343,3.396484375,0.01,"['/m/09x0r', '/m/0ytgt', '/t/dd00121', '/m/07phxs1', '/m/07qyrcz']", What is the highest mountain in the world?
344,2.94921875,0.01,"['/m/09x0r', '/m/0ytgt', '/t/dd00121', '/m/07phxs1', '/m/07qyrcz']", What is the highest mountain in the world?
345,3.294921875,0.01,"['/m/09x0r', '/m/0ytgt', '/t/dd00121', '/m/07phxs1', '/m/07qyrcz']", What is the highest mountain in the world?
346,3.322265625,0.01,"['/m/09x0r', '/m/0ytgt', '/t/dd00121', '/m/07phxs1', '/m/07qyrcz']", What is the highest mountain in the world?
347,3.482421875,0.01,"['/m/09x0r', '/m/0ytgt', '/t/dd00121', '/m/07phxs1', '/m/07qyrcz']", What is the highest mountain in the world?
348,3.708984375,0.01,"['/m/09x0r', '/m/0ytgt', '/t/dd00121', '/m/07phxs1', '/m/07qyrcz']", What is the highest mountain in the world?
349,3.44140625,0.01,"['/m/09x0r', '/m/0ytgt', '/t/dd00121', '/m/07phxs1', '/m/07qyrcz']", What is the highest mountain in the world?
350,3.822265625,0.01,"['/m/09x0r', '/m/0ytgt', '/t/dd00121', '/m/07phxs1', '/m/07qyrcz']", What is the highest mountain in the world?
351,3.68359375,0.01,"['/m/09x0r', '/m/0ytgt', '/t/dd00121', '/m/07phxs1', '/m/07qyrcz']", What is the highest mountain in the world?
352,3.96875,0.01,"['/m/09x0r', '/m/0ytgt', '/t/dd00121', '/m/07phxs1', '/m/07qyrcz']", What is the highest mountain in the world?
353,3.248046875,0.01,"['/m/09x0r', '/m/0ytgt', '/t/dd00121', '/m/07phxs1', '/m/07qyrcz']", What is the highest mountain in the world?
354,3.70703125,0.01,"['/m/09x0r', '/m/0ytgt', '/t/dd00121', '/m/07phxs1', '/m/07qyrcz']", What is the highest mountain in the world?
355,3.484375,0.01,"['/m/09x0r', '/m/0ytgt', '/t/dd00121', '/m/07phxs1', '/m/07qyrcz']", What is the highest mountain in the world?
356,3.61328125,0.01,"['/m/09x0r', '/m/0ytgt', '/t/dd00121', '/m/07phxs1', '/m/07qyrcz']", What is the highest mountain in the world?
357,4.41015625,0.01,"['/m/09x0r', '/m/0ytgt', '/t/dd00121', '/m/07phxs1', '/m/07qyrcz']", What is the highest mountain in the world?
358,3.587890625,0.01,"['/m/09x0r', '/m/0ytgt', '/t/dd00121', '/m/07phxs1', '/m/07qyrcz']", What is the highest mountain in the world?
359,3.22265625,0.01,"['/m/09x0r', '/m/0ytgt', '/t/dd00121', '/m/07phxs1', '/m/07qyrcz']", What is the highest mountain in the world?
360,3.73046875,0.01,"['/m/09x0r', '/m/0ytgt', '/t/dd00121', '/m/07phxs1', '/m/07qyrcz']", What is the highest mountain in the world?
361,3.205078125,0.01,"['/m/09x0r', '/m/0ytgt', '/t/dd00121', '/m/07phxs1', '/m/07qyrcz']", What is the highest mountain in the world?
362,3.123046875,0.01,"['/m/09x0r', '/m/0ytgt', '/t/dd00121', '/m/07phxs1', '/m/07qyrcz']", What is the highest mountain in the world?
363,3.203125,0.01,"['/m/09x0r', '/m/0ytgt', '/t/dd00121', '/m/07phxs1', '/m/07qyrcz']", What is the highest mountain in the world?
364,3.72265625,0.01,"['/m/09x0r', '/m/0ytgt', '/t/dd00121', '/m/07phxs1', '/m/07qyrcz']", What is the highest mountain in the world?
365,2.947265625,0.01,"['/m/09x0r', '/m/0ytgt', '/t/dd00121', '/m/07phxs1', '/m/07qyrcz']", What is the highest mountain in the world?
366,3.1484375,0.01,"['/m/09x0r', '/m/0ytgt', '/t/dd00121', '/m/07phxs1', '/m/07qyrcz']", What is the highest mountain in the world?
367,3.01171875,0.01,"['/m/09x0r', '/m/0ytgt', '/t/dd00121', '/m/07phxs1', '/m/07qyrcz']", What is the highest mountain in the world?
368,3.060546875,0.01,"['/m/09x0r', '/m/0ytgt', '/t/dd00121', '/m/07phxs1', '/m/07qyrcz']", What is the highest mountain in the world?
369,3.2734375,0.01,"['/m/09x0r', '/m/0ytgt', '/t/dd00121', '/m/07phxs1', '/m/07qyrcz']", What is the highest mountain in the world?
370,3.40625,0.01,"['/m/09x0r', '/m/0ytgt', '/t/dd00121', '/m/07phxs1', '/m/07qyrcz']", What is the highest mountain in the world?
371,3.486328125,0.01,"['/m/09x0r', '/m/0ytgt', '/t/dd00121', '/m/07phxs1', '/m/07qyrcz']", What is the highest mountain in the world?
372,2.94140625,0.01,"['/m/09x0r', '/m/0ytgt', '/t/dd00121', '/m/07phxs1', '/m/07qyrcz']", What is the highest mountain in the world?
373,3.166015625,0.01,"['/m/09x0r', '/m/0ytgt', '/t/dd00121', '/m/07phxs1', '/m/07qyrcz']", What is the highest mountain in the world?
374,3.060546875,0.01,"['/m/09x0r', '/m/0ytgt', '/t/dd00121', '/m/07phxs1', '/m/07qyrcz']", What is the highest mountain in the world?
375,3.240234375,0.01,"['/m/09x0r', '/m/0ytgt', '/t/dd00121', '/m/07phxs1', '/m/07qyrcz']", What is the highest mountain in the world?
376,3.53125,0.01,"['/m/09x0r', '/m/0ytgt', '/t/dd00121', '/m/07phxs1', '/m/07qyrcz']", What is the highest mountain in the world?
377,4.1875,0.01,"['/m/09x0r', '/m/0ytgt', '/t/dd00121', '/m/07phxs1', '/m/07qyrcz']", What is the highest mountain in the world?
378,3.53515625,0.01,"['/m/09x0r', '/m/0ytgt', '/t/dd00121', '/m/07phxs1', '/m/07qyrcz']", What is the highest mountain in the world?
379,3.7578125,0.01,"['/m/09x0r', '/m/0ytgt', '/t/dd00121', '/m/07phxs1', '/m/07qyrcz']", What is the highest mountain in the world?
380,3.861328125,0.01,"['/m/09x0r', '/m/0ytgt', '/t/dd00121', '/m/07phxs1', '/m/07qyrcz']", What is the highest mountain in the world?
381,2.845703125,0.01,"['/m/09x0r', '/m/0ytgt', '/t/dd00121', '/m/07phxs1', '/m/07qyrcz']", What is the highest mountain in the world?
382,3.6640625,0.01,"['/m/09x0r', '/m/0ytgt', '/t/dd00121', '/m/07phxs1', '/m/07qyrcz']", What is the highest mountain in the world?
383,2.951171875,0.01,"['/m/09x0r', '/m/0ytgt', '/t/dd00121', '/m/07phxs1', '/m/07qyrcz']", What is the highest mountain in the world?
384,3.984375,0.01,"['/m/09x0r', '/m/0ytgt', '/t/dd00121', '/m/07phxs1', '/m/07qyrcz']", What is the highest mountain in the world?
385,3.44140625,0.01,"['/m/09x0r', '/m/0ytgt', '/t/dd00121', '/m/07phxs1', '/m/07qyrcz']", What is the highest mountain in the world?
386,3.294921875,0.01,"['/m/09x0r', '/m/0ytgt', '/t/dd00121', '/m/07phxs1', '/m/07qyrcz']", What is the highest mountain in the world?
387,3.28125,0.01,"['/m/09x0r', '/m/0ytgt', '/t/dd00121', '/m/07phxs1', '/m/07qyrcz']", What is the highest mountain in the world?
388,3.525390625,0.01,"['/m/09x0r', '/m/0ytgt', '/t/dd00121', '/m/07phxs1', '/m/07qyrcz']", What is the highest mountain in the world?
389,2.939453125,0.01,"['/m/09x0r', '/m/0ytgt', '/t/dd00121', '/m/07phxs1', '/m/07qyrcz']", What is the highest mountain in the world?
390,3.373046875,0.01,"['/m/09x0r', '/m/0ytgt', '/t/dd00121', '/m/07phxs1', '/m/07qyrcz']", What is the highest mountain in the world?
391,3.890625,0.01,"['/m/09x0r', '/m/0ytgt', '/t/dd00121', '/m/07phxs1', '/m/07qyrcz']", What is the highest mountain in the world?
392,3.109375,0.01,"['/m/09x0r', '/m/0ytgt', '/t/dd00121', '/m/07phxs1', '/m/07qyrcz']", What is the highest mountain in the world?
393,3.75390625,0.01,"['/m/09x0r', '/m/0ytgt', '/t/dd00121', '/m/07phxs1', '/m/07qyrcz']", What is the highest mountain in the world?
394,3.259765625,0.01,"['/m/09x0r', '/m/0ytgt', '/t/dd00121', '/m/07phxs1', '/m/07qyrcz']", What is the highest mountain in the world?
395,3.0546875,0.01,"['/m/09x0r', '/m/0ytgt', '/t/dd00121', '/m/07phxs1', '/m/07qyrcz']", What is the highest mountain in the world?
396,3.228515625,0.01,"['/m/09x0r', '/m/0ytgt', '/t/dd00121', '/m/07phxs1', '/m/07qyrcz']", What is the highest mountain in the world?
397,3.330078125,0.01,"['/m/09x0r', '/m/0ytgt', '/t/dd00121', '/m/07phxs1', '/m/07qyrcz']", What is the highest mountain in the world?
398,3.515625,0.01,"['/m/09x0r', '/m/0ytgt', '/t/dd00121', '/m/07phxs1', '/m/07qyrcz']", What is the highest mountain in the world?
399,3.359375,0.01,"['/m/09x0r', '/m/0ytgt', '/t/dd00121', '/m/07phxs1', '/m/07qyrcz']", What is the highest mountain in the world?
400,3.197265625,0.01,"['/m/09x0r', '/m/0ytgt', '/t/dd00121', '/m/07phxs1', '/m/07qyrcz']", What is the highest mountain in the world?
401,3.798828125,0.01,"['/m/09x0r', '/m/0ytgt', '/t/dd00121', '/m/07phxs1', '/m/07qyrcz']", What is the highest mountain in the world?
402,2.861328125,0.01,"['/m/09x0r', '/m/0ytgt', '/t/dd00121', '/m/07phxs1', '/m/07qyrcz']", What is the highest mountain in the world?
403,3.68359375,0.01,"['/m/09x0r', '/m/0ytgt', '/t/dd00121', '/m/07phxs1', '/m/07qyrcz']", What is the highest mountain in the world?
404,3.634765625,0.01,"['/m/09x0r', '/m/0ytgt', '/t/dd00121', '/m/07phxs1', '/m/07qyrcz']", What is the highest mountain in the world?
405,3.36328125,0.01,"['/m/09x0r', '/m/0ytgt', '/t/dd00121', '/m/07phxs1', '/m/07qyrcz']", What is the highest mountain in the world?
406,3.6484375,0.01,"['/m/09x0r', '/m/0ytgt', '/t/dd00121', '/m/07phxs1', '/m/07qyrcz']", What is the highest mountain in the world?
407,4.15625,0.01,"['/m/09x0r', '/m/0ytgt', '/t/dd00121', '/m/07phxs1', '/m/07qyrcz']", What is the highest mountain in the world?
408,3.27734375,0.01,"['/m/09x0r', '/m/0ytgt', '/t/dd00121', '/m/07phxs1', '/m/07qyrcz']", What is the highest mountain in the world?
409,3.474609375,0.01,"['/m/09x0r', '/m/0ytgt', '/t/dd00121', '/m/07phxs1', '/m/07qyrcz']", What is the highest mountain in the world?
410,3.025390625,0.01,"['/m/09x0r', '/m/0ytgt', '/t/dd00121', '/m/07phxs1', '/m/07qyrcz']", What is the highest mountain in the world?
411,3.48046875,0.01,"['/m/09x0r', '/m/0ytgt', '/t/dd00121', '/m/07phxs1', '/m/07qyrcz']", What is the highest mountain in the world?
412,3.22265625,0.01,"['/m/09x0r', '/m/0ytgt', '/t/dd00121', '/m/07phxs1', '/m/07qyrcz']", What is the highest mountain in the world?
413,3.154296875,0.01,"['/m/09x0r', '/m/0ytgt', '/t/dd00121', '/m/07phxs1', '/m/07qyrcz']", What is the highest mountain in the world?
414,3.60546875,0.01,"['/m/09x0r', '/m/0ytgt', '/t/dd00121', '/m/07phxs1', '/m/07qyrcz']", What is the highest mountain in the world?
415,3.259765625,0.01,"['/m/09x0r', '/m/0ytgt', '/t/dd00121', '/m/07phxs1', '/m/07qyrcz']", What is the highest mountain in the world?
416,3.4453125,0.01,"['/m/09x0r', '/m/0ytgt', '/t/dd00121', '/m/07phxs1', '/m/07qyrcz']", What is the highest mountain in the world?
417,3.44921875,0.01,"['/m/09x0r', '/m/0ytgt', '/t/dd00121', '/m/07phxs1', '/m/07qyrcz']", What is the highest mountain in the world?
418,3.4765625,0.01,"['/m/09x0r', '/m/0ytgt', '/t/dd00121', '/m/07phxs1', '/m/07qyrcz']", What is the highest mountain in the world?
419,2.841796875,0.01,"['/m/09x0r', '/m/0ytgt', '/t/dd00121', '/m/07phxs1', '/m/07qyrcz']", What is the highest mountain in the world?
420,3.669921875,0.01,"['/m/09x0r', '/m/0ytgt', '/t/dd00121', '/m/07phxs1', '/m/07qyrcz']", What is the highest mountain in the world?
421,3.212890625,0.01,"['/m/09x0r', '/m/0ytgt', '/t/dd00121', '/m/07phxs1', '/m/07qyrcz']", What is the highest mountain in the world?
422,3.65234375,0.01,"['/m/09x0r', '/m/0ytgt', '/t/dd00121', '/m/07phxs1', '/m/07qyrcz']", What is the highest mountain in the world?
423,3.708984375,0.01,"['/m/09x0r', '/m/0ytgt', '/t/dd00121', '/m/07phxs1', '/m/07qyrcz']", What is the highest mountain in the world?
424,3.216796875,0.01,"['/m/09x0r', '/m/0ytgt', '/t/dd00121', '/m/07phxs1', '/m/07qyrcz']", What is the highest mountain in the world?
425,2.6171875,0.01,"['/m/09x0r', '/m/0ytgt', '/t/dd00121', '/m/07phxs1', '/m/07qyrcz']", What is the highest mountain in the world?
426,3.1953125,0.01,"['/m/09x0r', '/m/0ytgt', '/t/dd00121', '/m/07phxs1', '/m/07qyrcz']", What is the highest mountain in the world?
427,3.4921875,0.01,"['/m/09x0r', '/m/0ytgt', '/t/dd00121', '/m/07phxs1', '/m/07qyrcz']", What is the highest mountain in the world?
428,4.55078125,0.01,"['/m/09x0r', '/m/0ytgt', '/t/dd00121', '/m/07phxs1', '/m/07qyrcz']", What is the highest mountain in the world?
429,4.125,0.01,"['/m/09x0r', '/m/0ytgt', '/t/dd00121', '/m/07phxs1', '/m/07qyrcz']", What is the highest mountain in the world?
430,2.6953125,0.01,"['/m/09x0r', '/m/0ytgt', '/t/dd00121', '/m/07phxs1', '/m/07qyrcz']", What is the highest mountain in the world?
431,3.904296875,0.01,"['/m/09x0r', '/m/0ytgt', '/t/dd00121', '/m/07phxs1', '/m/07qyrcz']", What is the highest mountain in the world?
432,2.984375,0.01,"['/m/09x0r', '/m/0ytgt', '/t/dd00121', '/m/07phxs1', '/m/07qyrcz']", What is the highest mountain in the world?
433,3.642578125,0.01,"['/m/09x0r', '/m/0ytgt', '/t/dd00121', '/m/07phxs1', '/m/07qyrcz']", What is the highest mountain in the world?
434,2.826171875,0.01,"['/m/09x0r', '/m/0ytgt', '/t/dd00121', '/m/07phxs1', '/m/07qyrcz']", What is the highest mountain in the world?
435,3.58984375,0.01,"['/m/09x0r', '/m/0ytgt', '/t/dd00121', '/m/07phxs1', '/m/07qyrcz']", What is the highest mountain in the world?
436,3.64453125,0.01,"['/m/09x0r', '/m/0ytgt', '/t/dd00121', '/m/07phxs1', '/m/07qyrcz']", What is the highest mountain in the world?
437,2.998046875,0.01,"['/m/09x0r', '/m/0ytgt', '/t/dd00121', '/m/07phxs1', '/m/07qyrcz']", What is the highest mountain in the world?
438,3.625,0.01,"['/m/09x0r', '/m/0ytgt', '/t/dd00121', '/m/07phxs1', '/m/07qyrcz']", What is the highest mountain in the world?
439,3.80078125,0.01,"['/m/09x0r', '/m/0ytgt', '/t/dd00121', '/m/07phxs1', '/m/07qyrcz']", What is the highest mountain in the world?
440,3.775390625,0.01,"['/m/09x0r', '/m/0ytgt', '/t/dd00121', '/m/07phxs1', '/m/07qyrcz']", What is the highest mountain in the world?
441,3.279296875,0.01,"['/m/09x0r', '/m/0ytgt', '/t/dd00121', '/m/07phxs1', '/m/07qyrcz']", What is the highest mountain in the world?
442,3.015625,0.01,"['/m/09x0r', '/m/0ytgt', '/t/dd00121', '/m/07phxs1', '/m/07qyrcz']", What is the highest mountain in the world?
443,3.78125,0.01,"['/m/09x0r', '/m/0ytgt', '/t/dd00121', '/m/07phxs1', '/m/07qyrcz']", What is the highest mountain in the world?
444,2.78125,0.01,"['/m/09x0r', '/m/0ytgt', '/t/dd00121', '/m/07phxs1', '/m/07qyrcz']", What is the highest mountain in the world?
445,3.564453125,0.01,"['/m/09x0r', '/m/0ytgt', '/t/dd00121', '/m/07phxs1', '/m/07qyrcz']", What is the highest mountain in the world?
446,2.96875,0.01,"['/m/09x0r', '/m/0ytgt', '/t/dd00121', '/m/07phxs1', '/m/07qyrcz']", What is the highest mountain in the world?
447,3.765625,0.01,"['/m/09x0r', '/m/0ytgt', '/t/dd00121', '/m/07phxs1', '/m/07qyrcz']", What is the highest mountain in the world?
448,3.6015625,0.01,"['/m/09x0r', '/m/0ytgt', '/t/dd00121', '/m/07phxs1', '/m/07qyrcz']", What is the highest mountain in the world?
449,3.033203125,0.01,"['/m/09x0r', '/m/0ytgt', '/t/dd00121', '/m/07phxs1', '/m/07qyrcz']", What is the highest mountain in the world?
450,2.994140625,0.01,"['/m/09x0r', '/m/0ytgt', '/t/dd00121', '/m/07phxs1', '/m/07qyrcz']", What is the highest mountain in the world?
451,3.943359375,0.01,"['/m/09x0r', '/m/0ytgt', '/t/dd00121', '/m/07phxs1', '/m/07qyrcz']", What is the highest mountain in the world?
452,3.68359375,0.01,"['/m/09x0r', '/m/0ytgt', '/t/dd00121', '/m/07phxs1', '/m/07qyrcz']", What is the highest mountain in the world?
453,3.84765625,0.01,"['/m/09x0r', '/m/0ytgt', '/t/dd00121', '/m/07phxs1', '/m/07qyrcz']", What is the highest mountain in the world?
454,4.2734375,0.01,"['/m/09x0r', '/m/0ytgt', '/t/dd00121', '/m/07phxs1', '/m/07qyrcz']", What is the highest mountain in the world?
455,3.48828125,0.01,"['/m/09x0r', '/m/0ytgt', '/t/dd00121', '/m/07phxs1', '/m/07qyrcz']", What is the highest mountain in the world?
456,3.466796875,0.01,"['/m/09x0r', '/m/0ytgt', '/t/dd00121', '/m/07phxs1', '/m/07qyrcz']", What is the highest mountain in the world?
457,3.13671875,0.01,"['/m/09x0r', '/m/0ytgt', '/t/dd00121', '/m/07phxs1', '/m/07qyrcz']", What is the highest mountain in the world?
458,3.330078125,0.01,"['/m/09x0r', '/m/0ytgt', '/t/dd00121', '/m/07phxs1', '/m/07qyrcz']", What is the highest mountain in the world?
459,3.224609375,0.01,"['/m/09x0r', '/m/0ytgt', '/t/dd00121', '/m/07phxs1', '/m/07qyrcz']", What is the highest mountain in the world?
460,3.8046875,0.01,"['/m/09x0r', '/m/0ytgt', '/t/dd00121', '/m/07phxs1', '/m/07qyrcz']", What is the highest mountain in the world?
461,2.96484375,0.01,"['/m/09x0r', '/m/0ytgt', '/t/dd00121', '/m/07phxs1', '/m/07qyrcz']", What is the highest mountain in the world?
462,3.580078125,0.01,"['/m/09x0r', '/m/0ytgt', '/t/dd00121', '/m/07phxs1', '/m/07qyrcz']", What is the highest mountain in the world?
463,3.115234375,0.01,"['/m/09x0r', '/m/0ytgt', '/t/dd00121', '/m/07phxs1', '/m/07qyrcz']", What is the highest mountain in the world?
464,3.744140625,0.01,"['/m/09x0r', '/m/0ytgt', '/t/dd00121', '/m/07phxs1', '/m/07qyrcz']", What is the highest mountain in the world?
465,3.291015625,0.01,"['/m/09x0r', '/m/0ytgt', '/t/dd00121', '/m/07phxs1', '/m/07qyrcz']", What is the highest mountain in the world?
466,3.609375,0.01,"['/m/09x0r', '/m/0ytgt', '/t/dd00121', '/m/07phxs1', '/m/07qyrcz']", What is the highest mountain in the world?
467,3.2890625,0.01,"['/m/09x0r', '/m/0ytgt', '/t/dd00121', '/m/07phxs1', '/m/07qyrcz']", What is the highest mountain in the world?
468,3.537109375,0.01,"['/m/09x0r', '/m/0ytgt', '/t/dd00121', '/m/07phxs1', '/m/07qyrcz']", What is the highest mountain in the world?
469,3.337890625,0.01,"['/m/09x0r', '/m/0ytgt', '/t/dd00121', '/m/07phxs1', '/m/07qyrcz']", What is the highest mountain in the world?
470,2.94921875,0.01,"['/m/09x0r', '/m/0ytgt', '/t/dd00121', '/m/07phxs1', '/m/07qyrcz']", What is the highest mountain in the world?
471,3.515625,0.01,"['/m/09x0r', '/m/0ytgt', '/t/dd00121', '/m/07phxs1', '/m/07qyrcz']", What is the highest mountain in the world?
472,3.357421875,0.01,"['/m/09x0r', '/m/0ytgt', '/t/dd00121', '/m/07phxs1', '/m/07qyrcz']", What is the highest mountain in the world?
473,3.185546875,0.01,"['/m/09x0r', '/m/0ytgt', '/t/dd00121', '/m/07phxs1', '/m/07qyrcz']", What is the highest mountain in the world?
474,3.853515625,0.01,"['/m/09x0r', '/m/0ytgt', '/t/dd00121', '/m/07phxs1', '/m/07qyrcz']", What is the highest mountain in the world?
475,4.16796875,0.01,"['/m/09x0r', '/m/0ytgt', '/t/dd00121', '/m/07phxs1', '/m/07qyrcz']", What is the highest mountain in the world?
476,3.66796875,0.01,"['/m/09x0r', '/m/0ytgt', '/t/dd00121', '/m/07phxs1', '/m/07qyrcz']", What is the highest mountain in the world?
477,3.005859375,0.01,"['/m/09x0r', '/m/0ytgt', '/t/dd00121', '/m/07phxs1', '/m/07qyrcz']", What is the highest mountain in the world?
478,3.27734375,0.01,"['/m/09x0r', '/m/0ytgt', '/t/dd00121', '/m/07phxs1', '/m/07qyrcz']", What is the highest mountain in the world?
479,3.5,0.01,"['/m/09x0r', '/m/0ytgt', '/t/dd00121', '/m/07phxs1', '/m/07qyrcz']", What is the highest mountain in the world?
480,3.501953125,0.01,"['/m/09x0r', '/m/0ytgt', '/t/dd00121', '/m/07phxs1', '/m/07qyrcz']", What is the highest mountain in the world?
481,3.21875,0.01,"['/m/09x0r', '/m/0ytgt', '/t/dd00121', '/m/07phxs1', '/m/07qyrcz']", What is the highest mountain in the world?
482,3.87109375,0.01,"['/m/09x0r', '/m/0ytgt', '/t/dd00121', '/m/07phxs1', '/m/07qyrcz']", What is the highest mountain in the world?
483,3.552734375,0.01,"['/m/09x0r', '/m/0ytgt', '/t/dd00121', '/m/07phxs1', '/m/07qyrcz']", What is the highest mountain in the world?
484,3.630859375,0.01,"['/m/09x0r', '/m/0ytgt', '/t/dd00121', '/m/07phxs1', '/m/07qyrcz']", What is the highest mountain in the world?
485,3.2109375,0.01,"['/m/09x0r', '/m/0ytgt', '/t/dd00121', '/m/07phxs1', '/m/07qyrcz']", What is the highest mountain in the world?
486,3.65625,0.01,"['/m/09x0r', '/m/0ytgt', '/t/dd00121', '/m/07phxs1', '/m/07qyrcz']", What is the highest mountain in the world?
487,3.484375,0.01,"['/m/09x0r', '/m/0ytgt', '/t/dd00121', '/m/07phxs1', '/m/07qyrcz']", What is the highest mountain in the world?
488,3.78125,0.01,"['/m/09x0r', '/m/0ytgt', '/t/dd00121', '/m/07phxs1', '/m/07qyrcz']", What is the highest mountain in the world?
489,3.35546875,0.01,"['/m/09x0r', '/m/0ytgt', '/t/dd00121', '/m/07phxs1', '/m/07qyrcz']", What is the highest mountain in the world?
490,2.98828125,0.01,"['/m/09x0r', '/m/0ytgt', '/t/dd00121', '/m/07phxs1', '/m/07qyrcz']", What is the highest mountain in the world?
491,3.76953125,0.01,"['/m/09x0r', '/m/0ytgt', '/t/dd00121', '/m/07phxs1', '/m/07qyrcz']", What is the highest mountain in the world?
492,3.328125,0.01,"['/m/09x0r', '/m/0ytgt', '/t/dd00121', '/m/07phxs1', '/m/07qyrcz']", What is the highest mountain in the world?
493,3.43359375,0.01,"['/m/09x0r', '/m/0ytgt', '/t/dd00121', '/m/07phxs1', '/m/07qyrcz']", What is the highest mountain in the world?
494,3.080078125,0.01,"['/m/09x0r', '/m/0ytgt', '/t/dd00121', '/m/07phxs1', '/m/07qyrcz']", What is the highest mountain in the world?
495,3.6484375,0.01,"['/m/09x0r', '/m/0ytgt', '/t/dd00121', '/m/07phxs1', '/m/07qyrcz']", What is the highest mountain in the world?
496,3.236328125,0.01,"['/m/09x0r', '/m/0ytgt', '/t/dd00121', '/m/07phxs1', '/m/07qyrcz']", What is the highest mountain in the world?
497,3.79296875,0.01,"['/m/09x0r', '/m/0ytgt', '/t/dd00121', '/m/07phxs1', '/m/07qyrcz']", What is the highest mountain in the world?
498,3.259765625,0.01,"['/m/09x0r', '/m/0ytgt', '/t/dd00121', '/m/07phxs1', '/m/07qyrcz']", What is the highest mountain in the world?
499,3.67578125,0.01,"['/m/09x0r', '/m/0ytgt', '/t/dd00121', '/m/07phxs1', '/m/07qyrcz']", What is the highest mountain in the world?
500,3.494140625,0.01,"['/m/09x0r', '/m/0ytgt', '/t/dd00121', '/m/07phxs1', '/m/07qyrcz']", What is the highest mountain in the world?
