step,total_loss,learning_rate,beats_features,whisper_features
0,3.55859375,0.0001,"['/m/09x0r', '/m/0ytgt', '/t/dd00121', '/m/07qyrcz', '/m/07phxs1']", What is the highest mountain in the world?
1,3.171875,0.0001,"['/m/09x0r', '/m/0ytgt', '/t/dd00121', '/m/07qyrcz', '/m/07phxs1']", What is the highest mountain in the world?
2,3.115234375,0.0001,"['/m/09x0r', '/m/0ytgt', '/m/05fw6t', '/m/07qyrcz', '/t/dd00121']", What is the highest mountain in the world?
3,3.650390625,0.0001,"['/m/09x0r', '/m/0ytgt', '/m/07qyrcz', '/m/04rlf', '/m/05fw6t']", What is the highest mountain in the world?
4,2.978515625,0.0001,"['/m/09x0r', '/m/0ytgt', '/m/04rlf', '/m/07qyrcz', '/m/05fw6t']", What is the highest mountain in the world?
5,3.509765625,0.0001,"['/m/09x0r', '/m/0ytgt', '/m/04rlf', '/m/07qyrcz', '/m/05fw6t']", What is the highest mountain in the world?
6,3.42578125,0.0001,"['/m/09x0r', '/m/0ytgt', '/m/04rlf', '/m/05fw6t', '/m/07qyrcz']", What is the highest mountain in the world?
7,2.845703125,0.0001,"['/m/09x0r', '/m/0ytgt', '/m/04rlf', '/m/05fw6t', '/t/dd00121']", What is the highest mountain in the world?
8,3.93359375,0.0001,"['/m/09x0r', '/m/0ytgt', '/m/04rlf', '/m/05fw6t', '/t/dd00121']", What is the highest mountain in the world?
9,3.140625,0.0001,"['/m/09x0r', '/m/0ytgt', '/m/04rlf', '/m/05fw6t', '/t/dd00121']", What is the highest mountain in the world?
10,3.271484375,0.0001,"['/m/09x0r', '/m/0ytgt', '/m/04rlf', '/m/05fw6t', '/t/dd00121']", What is the highest mountain in the world?
11,2.947265625,0.0001,"['/m/09x0r', '/m/0ytgt', '/m/04rlf', '/m/05fw6t', '/t/dd00121']", What is the highest mountain in the world?
12,3.2109375,0.0001,"['/m/09x0r', '/m/0ytgt', '/m/04rlf', '/m/05fw6t', '/t/dd00121']", What is the highest mountain in the world?
13,2.34765625,0.0001,"['/m/09x0r', '/m/0ytgt', '/m/04rlf', '/m/05fw6t', '/t/dd00121']", What is the highest mountain in the world?
14,3.255859375,0.0001,"['/m/09x0r', '/m/0ytgt', '/m/04rlf', '/m/05fw6t', '/t/dd00121']", What is the highest mountain in the world?
15,2.9609375,0.0001,"['/m/09x0r', '/m/0ytgt', '/m/04rlf', '/m/05fw6t', '/t/dd00121']", What is the highest mountain in the world?
16,2.748046875,0.0001,"['/m/09x0r', '/m/0ytgt', '/m/04rlf', '/m/05fw6t', '/t/dd00121']", What is the highest mountain in the world?
17,3.326171875,0.0001,"['/m/09x0r', '/m/0ytgt', '/m/04rlf', '/m/05fw6t', '/t/dd00121']", What is the highest mountain in the world?
18,2.861328125,0.0001,"['/m/09x0r', '/m/0ytgt', '/m/04rlf', '/m/05fw6t', '/t/dd00121']", What is the highest mountain in the world?
19,2.888671875,0.0001,"['/m/09x0r', '/m/0ytgt', '/m/04rlf', '/m/05fw6t', '/t/dd00121']", What is the highest mountain in the world?
20,2.853515625,0.0001,"['/m/09x0r', '/m/0ytgt', '/m/04rlf', '/m/05fw6t', '/t/dd00121']", What is the highest mountain in the world?
21,3.828125,0.0001,"['/m/09x0r', '/m/0ytgt', '/m/04rlf', '/m/05fw6t', '/t/dd00121']", What is the highest mountain in the world?
22,3.390625,0.0001,"['/m/09x0r', '/m/0ytgt', '/m/04rlf', '/m/05fw6t', '/t/dd00121']", What is the highest mountain in the world?
23,3.140625,0.0001,"['/m/09x0r', '/m/0ytgt', '/m/04rlf', '/m/05fw6t', '/t/dd00121']", What is the highest mountain in the world?
24,2.849609375,0.0001,"['/m/09x0r', '/m/0ytgt', '/m/04rlf', '/m/05fw6t', '/t/dd00121']", What is the highest mountain in the world?
25,3.40234375,0.0001,"['/m/09x0r', '/m/0ytgt', '/m/04rlf', '/m/05fw6t', '/t/dd00121']", What is the highest mountain in the world?
26,3.18359375,0.0001,"['/m/09x0r', '/m/0ytgt', '/m/04rlf', '/m/05fw6t', '/t/dd00121']", What is the highest mountain in the world?
27,3.705078125,0.0001,"['/m/09x0r', '/m/0ytgt', '/m/04rlf', '/m/05fw6t', '/t/dd00121']", What is the highest mountain in the world?
28,3.302734375,0.0001,"['/m/09x0r', '/m/0ytgt', '/m/04rlf', '/m/05fw6t', '/t/dd00121']", What is the highest mountain in the world?
29,3.1484375,0.0001,"['/m/09x0r', '/m/0ytgt', '/m/04rlf', '/m/05fw6t', '/t/dd00121']", What is the highest mountain in the world?
30,3.861328125,0.0001,"['/m/09x0r', '/m/0ytgt', '/m/04rlf', '/m/05fw6t', '/t/dd00121']", What is the highest mountain in the world?
31,2.2890625,0.0001,"['/m/09x0r', '/m/0ytgt', '/m/04rlf', '/m/05fw6t', '/t/dd00121']", What is the highest mountain in the world?
32,3.078125,0.0001,"['/m/09x0r', '/m/0ytgt', '/m/04rlf', '/m/05fw6t', '/t/dd00121']", What is the highest mountain in the world?
33,2.763671875,0.0001,"['/m/09x0r', '/m/0ytgt', '/m/04rlf', '/m/05fw6t', '/t/dd00121']", What is the highest mountain in the world?
34,3.2734375,0.0001,"['/m/09x0r', '/m/0ytgt', '/m/04rlf', '/m/05fw6t', '/t/dd00121']", What is the highest mountain in the world?
35,2.703125,0.0001,"['/m/09x0r', '/m/0ytgt', '/m/04rlf', '/m/05fw6t', '/t/dd00121']", What is the highest mountain in the world?
36,3.328125,0.0001,"['/m/09x0r', '/m/0ytgt', '/m/04rlf', '/m/05fw6t', '/m/07phxs1']", What is the highest mountain in the world?
37,2.6875,0.0001,"['/m/09x0r', '/m/0ytgt', '/m/04rlf', '/m/05fw6t', '/m/07phxs1']", What is the highest mountain in the world?
38,3.146484375,0.0001,"['/m/09x0r', '/m/0ytgt', '/m/04rlf', '/m/05fw6t', '/m/07phxs1']", What is the highest mountain in the world?
39,3.15234375,0.0001,"['/m/09x0r', '/m/0ytgt', '/m/04rlf', '/m/05fw6t', '/m/07phxs1']", What is the highest mountain in the world?
40,3.423828125,0.0001,"['/m/09x0r', '/m/0ytgt', '/m/04rlf', '/m/05fw6t', '/m/07phxs1']", What is the highest mountain in the world?
41,3.056640625,0.0001,"['/m/09x0r', '/m/0ytgt', '/m/04rlf', '/m/05fw6t', '/m/07phxs1']", What is the highest mountain in the world?
42,2.837890625,0.0001,"['/m/09x0r', '/m/0ytgt', '/m/04rlf', '/m/05fw6t', '/m/07phxs1']", What is the highest mountain in the world?
43,3.154296875,0.0001,"['/m/09x0r', '/m/0ytgt', '/m/04rlf', '/m/05fw6t', '/m/07phxs1']", What is the highest mountain in the world?
44,2.76171875,0.0001,"['/m/09x0r', '/m/0ytgt', '/m/04rlf', '/m/05fw6t', '/m/07phxs1']", What is the highest mountain in the world?
45,2.814453125,0.0001,"['/m/09x0r', '/m/0ytgt', '/m/04rlf', '/m/05fw6t', '/m/07phxs1']", What is the highest mountain in the world?
46,2.923828125,0.0001,"['/m/09x0r', '/m/0ytgt', '/m/04rlf', '/m/05fw6t', '/m/07phxs1']", What is the highest mountain in the world?
47,2.662109375,0.0001,"['/m/09x0r', '/m/0ytgt', '/m/04rlf', '/m/05fw6t', '/m/07phxs1']", What is the highest mountain in the world?
48,2.7109375,0.0001,"['/m/09x0r', '/m/0ytgt', '/m/04rlf', '/m/05fw6t', '/m/07phxs1']", What is the highest mountain in the world?
49,2.994140625,0.0001,"['/m/09x0r', '/m/0ytgt', '/m/04rlf', '/m/05fw6t', '/m/07phxs1']", What is the highest mountain in the world?
50,3.283203125,0.0001,"['/m/09x0r', '/m/0ytgt', '/m/04rlf', '/m/05fw6t', '/m/07phxs1']", What is the highest mountain in the world?
51,3.056640625,0.0001,"['/m/09x0r', '/m/0ytgt', '/m/04rlf', '/m/05fw6t', '/m/07phxs1']", What is the highest mountain in the world?
52,2.8671875,0.0001,"['/m/09x0r', '/m/0ytgt', '/m/04rlf', '/m/05fw6t', '/t/dd00121']", What is the highest mountain in the world?
53,2.453125,0.0001,"['/m/09x0r', '/m/0ytgt', '/m/04rlf', '/m/05fw6t', '/t/dd00121']", What is the highest mountain in the world?
54,3.033203125,0.0001,"['/m/09x0r', '/m/0ytgt', '/m/04rlf', '/m/05fw6t', '/m/07phxs1']", What is the highest mountain in the world?
55,2.4296875,0.0001,"['/m/09x0r', '/m/0ytgt', '/m/04rlf', '/m/05fw6t', '/m/07phxs1']", What is the highest mountain in the world?
56,2.966796875,0.0001,"['/m/09x0r', '/m/0ytgt', '/m/04rlf', '/m/05fw6t', '/m/07phxs1']", What is the highest mountain in the world?
57,2.9375,0.0001,"['/m/09x0r', '/m/0ytgt', '/m/04rlf', '/m/05fw6t', '/t/dd00121']", What is the highest mountain in the world?
58,2.939453125,0.0001,"['/m/09x0r', '/m/0ytgt', '/m/04rlf', '/m/05fw6t', '/m/07phxs1']", What is the highest mountain in the world?
59,2.384765625,0.0001,"['/m/09x0r', '/m/0ytgt', '/m/04rlf', '/m/05fw6t', '/m/07phxs1']", What is the highest mountain in the world?
60,2.8671875,0.0001,"['/m/09x0r', '/m/0ytgt', '/m/04rlf', '/m/05fw6t', '/m/07phxs1']", What is the highest mountain in the world?
61,3.12890625,0.0001,"['/m/09x0r', '/m/0ytgt', '/m/04rlf', '/m/05fw6t', '/t/dd00125']", What is the highest mountain in the world?
62,3.033203125,0.0001,"['/m/09x0r', '/m/0ytgt', '/m/04rlf', '/m/05fw6t', '/t/dd00125']", What is the highest mountain in the world?
63,3.037109375,0.0001,"['/m/09x0r', '/m/0ytgt', '/m/04rlf', '/m/05fw6t', '/t/dd00125']", What is the highest mountain in the world?
64,3.244140625,0.0001,"['/m/09x0r', '/m/0ytgt', '/m/04rlf', '/m/05fw6t', '/t/dd00125']", What is the highest mountain in the world?
65,3.017578125,0.0001,"['/m/09x0r', '/m/0ytgt', '/m/04rlf', '/m/05fw6t', '/t/dd00125']", What is the highest mountain in the world?
66,2.748046875,0.0001,"['/m/09x0r', '/m/0ytgt', '/m/04rlf', '/m/05fw6t', '/t/dd00125']", What is the highest mountain in the world?
67,3.310546875,0.0001,"['/m/09x0r', '/m/0ytgt', '/m/04rlf', '/m/05fw6t', '/t/dd00125']", What is the highest mountain in the world?
68,2.951171875,0.0001,"['/m/09x0r', '/m/0ytgt', '/m/04rlf', '/m/05fw6t', '/t/dd00125']", What is the highest mountain in the world?
69,2.8203125,0.0001,"['/m/09x0r', '/m/0ytgt', '/m/04rlf', '/m/05fw6t', '/m/07phxs1']", What is the highest mountain in the world?
70,2.869140625,0.0001,"['/m/09x0r', '/m/0ytgt', '/m/04rlf', '/m/05fw6t', '/m/07phxs1']", What is the highest mountain in the world?
71,3.30859375,0.0001,"['/m/09x0r', '/m/0ytgt', '/m/04rlf', '/m/05fw6t', '/t/dd00121']", What is the highest mountain in the world?
72,3.181640625,0.0001,"['/m/09x0r', '/m/0ytgt', '/m/04rlf', '/m/05fw6t', '/t/dd00121']", What is the highest mountain in the world?
73,3.072265625,0.0001,"['/m/09x0r', '/m/0ytgt', '/m/04rlf', '/m/05fw6t', '/t/dd00121']", What is the highest mountain in the world?
74,2.51171875,0.0001,"['/m/09x0r', '/m/0ytgt', '/m/04rlf', '/m/05fw6t', '/t/dd00121']", What is the highest mountain in the world?
75,2.81640625,0.0001,"['/m/09x0r', '/m/0ytgt', '/m/04rlf', '/m/05fw6t', '/t/dd00121']", What is the highest mountain in the world?
76,3.1640625,0.0001,"['/m/09x0r', '/m/0ytgt', '/m/04rlf', '/m/05fw6t', '/t/dd00121']", What is the highest mountain in the world?
77,2.744140625,0.0001,"['/m/09x0r', '/m/0ytgt', '/m/04rlf', '/m/05fw6t', '/t/dd00125']", What is the highest mountain in the world?
78,2.34375,0.0001,"['/m/09x0r', '/m/0ytgt', '/m/04rlf', '/m/05fw6t', '/t/dd00125']", What is the highest mountain in the world?
79,2.556640625,0.0001,"['/m/09x0r', '/m/0ytgt', '/m/04rlf', '/m/05fw6t', '/t/dd00125']", What is the highest mountain in the world?
80,2.642578125,0.0001,"['/m/09x0r', '/m/0ytgt', '/m/04rlf', '/m/05fw6t', '/t/dd00125']", What is the highest mountain in the world?
81,2.548828125,0.0001,"['/m/09x0r', '/m/0ytgt', '/m/04rlf', '/m/05fw6t', '/t/dd00125']", What is the highest mountain in the world?
82,2.611328125,0.0001,"['/m/09x0r', '/m/0ytgt', '/m/04rlf', '/m/05fw6t', '/t/dd00125']", What is the highest mountain in the world?
83,3.05859375,0.0001,"['/m/09x0r', '/m/0ytgt', '/m/04rlf', '/m/05fw6t', '/t/dd00125']", What is the highest mountain in the world?
84,3.91796875,0.0001,"['/m/09x0r', '/m/0ytgt', '/m/04rlf', '/m/05fw6t', '/t/dd00125']", What is the highest mountain in the world?
85,3.146484375,0.0001,"['/m/09x0r', '/m/0ytgt', '/m/04rlf', '/m/05fw6t', '/t/dd00125']", What is the highest mountain in the world?
86,2.591796875,0.0001,"['/m/09x0r', '/m/0ytgt', '/m/04rlf', '/m/05fw6t', '/t/dd00125']", What is the highest mountain in the world?
87,2.73046875,0.0001,"['/m/09x0r', '/m/0ytgt', '/m/04rlf', '/m/05fw6t', '/t/dd00125']", What is the highest mountain in the world?
88,2.921875,0.0001,"['/m/09x0r', '/m/0ytgt', '/m/04rlf', '/m/05fw6t', '/t/dd00125']", What is the highest mountain in the world?
89,2.8671875,0.0001,"['/m/09x0r', '/m/0ytgt', '/m/04rlf', '/m/05fw6t', '/t/dd00125']", What is the highest mountain in the world?
90,3.357421875,0.0001,"['/m/09x0r', '/m/0ytgt', '/m/04rlf', '/m/05fw6t', '/t/dd00125']", What is the highest mountain in the world?
91,2.478515625,0.0001,"['/m/09x0r', '/m/0ytgt', '/m/04rlf', '/m/05fw6t', '/t/dd00125']", What is the highest mountain in the world?
92,2.84375,0.0001,"['/m/09x0r', '/m/0ytgt', '/m/04rlf', '/m/05fw6t', '/t/dd00125']", What is the highest mountain in the world?
93,2.638671875,0.0001,"['/m/09x0r', '/m/0ytgt', '/m/04rlf', '/m/05fw6t', '/t/dd00125']", What is the highest mountain in the world?
94,2.515625,0.0001,"['/m/09x0r', '/m/0ytgt', '/m/04rlf', '/m/05fw6t', '/t/dd00125']", What is the highest mountain in the world?
95,2.703125,0.0001,"['/m/09x0r', '/m/0ytgt', '/m/04rlf', '/m/05fw6t', '/m/07phxs1']", What is the highest mountain in the world?
96,2.1328125,0.0001,"['/m/09x0r', '/m/0ytgt', '/m/04rlf', '/m/05fw6t', '/t/dd00125']", What is the highest mountain in the world?
97,2.814453125,0.0001,"['/m/09x0r', '/m/0ytgt', '/m/04rlf', '/m/05fw6t', '/t/dd00125']", What is the highest mountain in the world?
98,2.72265625,0.0001,"['/m/09x0r', '/m/0ytgt', '/m/04rlf', '/m/05fw6t', '/t/dd00125']", What is the highest mountain in the world?
99,2.478515625,0.0001,"['/m/09x0r', '/m/0ytgt', '/m/04rlf', '/m/05fw6t', '/t/dd00125']", What is the highest mountain in the world?
100,2.369140625,0.0001,"['/m/09x0r', '/m/0ytgt', '/m/04rlf', '/m/05fw6t', '/t/dd00125']", What is the highest mountain in the world?
101,3.685546875,0.0001,"['/m/09x0r', '/m/0ytgt', '/m/04rlf', '/m/05fw6t', '/t/dd00125']", What is the highest mountain in the world?
102,2.296875,0.0001,"['/m/09x0r', '/m/0ytgt', '/m/04rlf', '/m/05fw6t', '/t/dd00125']", What is the highest mountain in the world?
103,2.619140625,0.0001,"['/m/09x0r', '/m/0ytgt', '/m/04rlf', '/m/05fw6t', '/t/dd00125']", What is the highest mountain in the world?
104,3.533203125,0.0001,"['/m/09x0r', '/m/0ytgt', '/m/04rlf', '/m/05fw6t', '/t/dd00125']", What is the highest mountain in the world?
105,2.203125,0.0001,"['/m/09x0r', '/m/0ytgt', '/m/04rlf', '/m/05fw6t', '/t/dd00125']", What is the highest mountain in the world?
106,3.07421875,0.0001,"['/m/09x0r', '/m/0ytgt', '/m/04rlf', '/m/05fw6t', '/t/dd00125']", What is the highest mountain in the world?
107,3.01171875,0.0001,"['/m/09x0r', '/m/0ytgt', '/m/04rlf', '/m/05fw6t', '/t/dd00125']", What is the highest mountain in the world?
108,2.8828125,0.0001,"['/m/09x0r', '/m/0ytgt', '/m/04rlf', '/m/05fw6t', '/t/dd00125']", what is the highest mountain in the world?
109,2.20703125,0.0001,"['/m/09x0r', '/m/0ytgt', '/m/04rlf', '/m/05fw6t', '/t/dd00125']", what is the highest mountain in the world?
110,2.857421875,0.0001,"['/m/09x0r', '/m/0ytgt', '/m/04rlf', '/m/05fw6t', '/t/dd00121']", what is the highest mountain in the world?
111,2.345703125,0.0001,"['/m/09x0r', '/m/0ytgt', '/m/04rlf', '/m/05fw6t', '/t/dd00121']", what is the highest mountain in the world?
112,2.55078125,0.0001,"['/m/09x0r', '/m/0ytgt', '/m/04rlf', '/t/dd00121', '/m/05fw6t']", what is the highest mountain in the world?
113,2.55078125,0.0001,"['/m/09x0r', '/m/0ytgt', '/m/04rlf', '/t/dd00121', '/m/07phxs1']", what is the highest mountain in the world?
114,2.560546875,0.0001,"['/m/09x0r', '/m/0ytgt', '/m/04rlf', '/t/dd00121', '/m/07phxs1']", what is the highest mountain in the world?
115,2.515625,0.0001,"['/m/09x0r', '/m/0ytgt', '/m/04rlf', '/m/07phxs1', '/t/dd00121']", what is the highest mountain in the world?
116,2.6953125,0.0001,"['/m/09x0r', '/m/0ytgt', '/m/04rlf', '/m/07phxs1', '/t/dd00121']", what is the highest mountain in the world?
117,2.82421875,0.0001,"['/m/09x0r', '/m/0ytgt', '/m/04rlf', '/t/dd00121', '/m/07phxs1']", what is the highest mountain in the world?
118,2.345703125,0.0001,"['/m/09x0r', '/m/0ytgt', '/m/04rlf', '/t/dd00121', '/m/07phxs1']", what is the highest mountain in the world?
119,2.388671875,0.0001,"['/m/09x0r', '/m/0ytgt', '/m/04rlf', '/t/dd00121', '/m/07phxs1']", what is the highest mountain in the world?
120,2.666015625,0.0001,"['/m/09x0r', '/m/0ytgt', '/m/04rlf', '/t/dd00121', '/m/07phxs1']", what is the highest mountain in the world?
121,2.455078125,0.0001,"['/m/09x0r', '/m/0ytgt', '/m/04rlf', '/t/dd00121', '/m/07phxs1']", what is the highest mountain in the world?
122,2.416015625,0.0001,"['/m/09x0r', '/m/0ytgt', '/m/04rlf', '/t/dd00121', '/m/07phxs1']", what is the highest mountain in the world?
123,3.037109375,0.0001,"['/m/09x0r', '/m/0ytgt', '/m/04rlf', '/t/dd00121', '/m/07phxs1']", what is the highest mountain in the world?
124,2.958984375,0.0001,"['/m/09x0r', '/m/0ytgt', '/m/04rlf', '/t/dd00121', '/m/07phxs1']", what is the highest mountain in the world?
125,2.400390625,0.0001,"['/m/09x0r', '/m/0ytgt', '/m/04rlf', '/t/dd00121', '/m/07phxs1']", what is the highest mountain in the world?
126,2.841796875,0.0001,"['/m/09x0r', '/m/0ytgt', '/m/04rlf', '/t/dd00121', '/m/07phxs1']", what is the highest mountain in the world?
127,2.66796875,0.0001,"['/m/09x0r', '/m/0ytgt', '/m/04rlf', '/t/dd00121', '/m/07phxs1']", what is the highest mountain in the world?
128,2.26171875,0.0001,"['/m/09x0r', '/m/0ytgt', '/m/04rlf', '/m/07phxs1', '/t/dd00121']", what is the highest mountain in the world?
129,2.79296875,0.0001,"['/m/09x0r', '/m/0ytgt', '/m/04rlf', '/m/07phxs1', '/t/dd00121']", what is the highest mountain in the world?
130,2.26171875,0.0001,"['/m/09x0r', '/m/0ytgt', '/m/04rlf', '/m/07phxs1', '/t/dd00121']", what is the highest mountain in the world?
131,2.435546875,0.0001,"['/m/09x0r', '/m/0ytgt', '/m/04rlf', '/t/dd00121', '/m/07phxs1']", what is the highest mountain in the world?
132,2.41796875,0.0001,"['/m/09x0r', '/m/0ytgt', '/m/04rlf', '/t/dd00121', '/m/07phxs1']", what is the highest mountain in the world?
133,2.306640625,0.0001,"['/m/09x0r', '/m/0ytgt', '/m/04rlf', '/t/dd00121', '/m/07phxs1']", what is the highest mountain in the world?
134,1.978515625,0.0001,"['/m/09x0r', '/m/0ytgt', '/m/04rlf', '/t/dd00121', '/m/07phxs1']", what is the highest mountain in the world?
135,2.486328125,0.0001,"['/m/09x0r', '/m/0ytgt', '/m/04rlf', '/t/dd00121', '/m/07phxs1']", what is the highest mountain in the world?
136,2.0859375,0.0001,"['/m/09x0r', '/m/0ytgt', '/m/04rlf', '/m/07phxs1', '/t/dd00121']", what is the highest mountain in the world?
137,2.7890625,0.0001,"['/m/09x0r', '/m/0ytgt', '/m/04rlf', '/m/07phxs1', '/t/dd00121']", what is the highest mountain in the world?
138,2.451171875,0.0001,"['/m/09x0r', '/m/0ytgt', '/m/04rlf', '/m/07phxs1', '/t/dd00121']", what is the highest mountain in the world?
139,2.404296875,0.0001,"['/m/09x0r', '/m/0ytgt', '/m/04rlf', '/m/07phxs1', '/t/dd00121']", what is the highest mountain in the world?
140,2.357421875,0.0001,"['/m/09x0r', '/m/0ytgt', '/m/04rlf', '/m/07phxs1', '/t/dd00121']", what is the highest mountain in the world?
141,2.10546875,0.0001,"['/m/09x0r', '/m/0ytgt', '/m/04rlf', '/m/07phxs1', '/t/dd00121']", what is the highest mountain in the world?
142,2.189453125,0.0001,"['/m/09x0r', '/m/0ytgt', '/m/04rlf', '/m/07phxs1', '/t/dd00121']", what is the highest mountain in the world?
143,2.173828125,0.0001,"['/m/09x0r', '/m/0ytgt', '/m/04rlf', '/m/07phxs1', '/t/dd00121']", what is the highest mountain in the world?
144,2.302734375,0.0001,"['/m/09x0r', '/m/0ytgt', '/m/04rlf', '/m/07phxs1', '/t/dd00121']", what is the highest mountain in the world?
145,2.322265625,0.0001,"['/m/09x0r', '/m/0ytgt', '/m/04rlf', '/m/07phxs1', '/t/dd00121']", what is the highest mountain in the world?
146,2.244140625,0.0001,"['/m/09x0r', '/m/0ytgt', '/m/04rlf', '/m/07phxs1', '/t/dd00125']", what is the highest mountain in the world?
147,2.265625,0.0001,"['/m/09x0r', '/m/0ytgt', '/m/04rlf', '/m/07phxs1', '/t/dd00125']", what is the highest mountain in the world?
148,2.251953125,0.0001,"['/m/09x0r', '/m/0ytgt', '/m/04rlf', '/m/07phxs1', '/t/dd00125']", what is the highest mountain in the world?
149,2.1875,0.0001,"['/m/09x0r', '/m/0ytgt', '/m/04rlf', '/m/07phxs1', '/t/dd00125']", what is the highest mountain in the world?
150,2.34375,0.0001,"['/m/09x0r', '/m/0ytgt', '/m/04rlf', '/m/07phxs1', '/t/dd00125']", what is the highest mountain in the world?
151,2.556640625,0.0001,"['/m/09x0r', '/m/0ytgt', '/m/04rlf', '/m/07phxs1', '/t/dd00125']", what is the highest mountain in the world?
152,2.05859375,0.0001,"['/m/09x0r', '/m/0ytgt', '/m/04rlf', '/m/07phxs1', '/t/dd00125']", what is the highest mountain in the world?
153,2.06640625,0.0001,"['/m/09x0r', '/m/0ytgt', '/m/04rlf', '/m/07phxs1', '/t/dd00125']", what is the highest mountain in the world?
154,2.365234375,0.0001,"['/m/09x0r', '/m/0ytgt', '/m/04rlf', '/m/07phxs1', '/t/dd00125']", what is the highest mountain in the world?
155,2.216796875,0.0001,"['/m/09x0r', '/m/0ytgt', '/m/04rlf', '/m/07phxs1', '/t/dd00125']", what is the highest mountain in the world?
156,2.55078125,0.0001,"['/m/09x0r', '/m/0ytgt', '/m/04rlf', '/m/07phxs1', '/t/dd00125']", what is the highest mountain in the world?
157,2.470703125,0.0001,"['/m/09x0r', '/m/0ytgt', '/m/04rlf', '/m/07phxs1', '/t/dd00125']", what is the highest mountain in the world?
158,2.609375,0.0001,"['/m/09x0r', '/m/0ytgt', '/m/04rlf', '/m/07phxs1', '/t/dd00125']", what is the highest mountain in the world?
159,2.0625,0.0001,"['/m/09x0r', '/m/0ytgt', '/m/04rlf', '/m/07phxs1', '/t/dd00125']", what is the highest mountain in the world?
160,2.30078125,0.0001,"['/m/09x0r', '/m/0ytgt', '/m/04rlf', '/m/07phxs1', '/t/dd00125']", what is the highest mountain in the world?
161,2.36328125,0.0001,"['/m/09x0r', '/m/0ytgt', '/m/04rlf', '/m/07phxs1', '/t/dd00125']", what is the highest mountain in the world?
162,2.4765625,0.0001,"['/m/09x0r', '/m/0ytgt', '/m/04rlf', '/m/07phxs1', '/t/dd00125']", what is the highest mountain in the world?
163,2.30859375,0.0001,"['/m/09x0r', '/m/0ytgt', '/m/04rlf', '/m/07phxs1', '/t/dd00125']", what is the highest mountain in the world?
164,2.3125,0.0001,"['/m/09x0r', '/m/0ytgt', '/m/04rlf', '/m/07phxs1', '/t/dd00125']", what is the highest mountain in the world?
165,1.9267578125,0.0001,"['/m/09x0r', '/m/0ytgt', '/m/04rlf', '/m/07phxs1', '/t/dd00125']", what is the highest mountain in the world?
166,2.302734375,0.0001,"['/m/09x0r', '/m/0ytgt', '/m/04rlf', '/m/07phxs1', '/t/dd00125']", what is the highest mountain in the world?
167,2.53515625,0.0001,"['/m/09x0r', '/m/0ytgt', '/m/04rlf', '/m/07phxs1', '/t/dd00125']", what is the highest mountain in the world?
168,2.26171875,0.0001,"['/m/09x0r', '/m/0ytgt', '/m/04rlf', '/m/07phxs1', '/t/dd00125']", what is the highest mountain in the world?
169,2.560546875,0.0001,"['/m/09x0r', '/m/0ytgt', '/m/04rlf', '/m/07phxs1', '/t/dd00125']", what is the highest mountain in the world?
170,1.76953125,0.0001,"['/m/09x0r', '/m/0ytgt', '/m/04rlf', '/m/07phxs1', '/t/dd00125']", what is the highest mountain in the world?
171,2.45703125,0.0001,"['/m/09x0r', '/m/0ytgt', '/m/04rlf', '/m/07phxs1', '/t/dd00125']", what is the highest mountain in the world?
172,2.62890625,0.0001,"['/m/09x0r', '/m/0ytgt', '/m/04rlf', '/m/07phxs1', '/t/dd00125']", what is the highest mountain in the world?
173,2.173828125,0.0001,"['/m/09x0r', '/m/0ytgt', '/m/04rlf', '/m/07phxs1', '/t/dd00125']", what is the highest mountain in the world?
174,2.6015625,0.0001,"['/m/09x0r', '/m/0ytgt', '/m/04rlf', '/m/07phxs1', '/t/dd00125']", what is the highest mountain in the world?
175,2.763671875,0.0001,"['/m/09x0r', '/m/0ytgt', '/m/04rlf', '/m/07phxs1', '/t/dd00125']", what is the highest mountain in the world?
176,2.248046875,0.0001,"['/m/09x0r', '/m/0ytgt', '/m/04rlf', '/m/07phxs1', '/t/dd00125']", what is the highest mountain in the world?
177,2.12890625,0.0001,"['/m/09x0r', '/m/0ytgt', '/m/04rlf', '/m/07phxs1', '/t/dd00125']", what is the highest mountain in the world?
178,2.130859375,0.0001,"['/m/09x0r', '/m/0ytgt', '/m/04rlf', '/t/dd00125', '/m/07phxs1']", what is the highest mountain in the world?
179,2.21875,0.0001,"['/m/09x0r', '/m/0ytgt', '/m/04rlf', '/t/dd00125', '/m/07phxs1']", what is the highest mountain in the world?
180,1.9609375,0.0001,"['/m/09x0r', '/m/0ytgt', '/m/04rlf', '/t/dd00125', '/m/07phxs1']", what is the highest mountain in the world?
181,2.203125,0.0001,"['/m/09x0r', '/m/0ytgt', '/m/04rlf', '/t/dd00125', '/m/07phxs1']", what is the highest mountain in the world?
182,2.23046875,0.0001,"['/m/09x0r', '/m/0ytgt', '/m/04rlf', '/t/dd00125', '/m/07phxs1']", what is the highest mountain in the world?
183,2.150390625,0.0001,"['/m/09x0r', '/m/0ytgt', '/m/04rlf', '/t/dd00125', '/m/07phxs1']", what is the highest mountain in the world?
184,2.431640625,0.0001,"['/m/09x0r', '/m/0ytgt', '/m/04rlf', '/m/07phxs1', '/t/dd00125']", what is the highest mountain in the world?
185,2.197265625,0.0001,"['/m/09x0r', '/m/0ytgt', '/m/04rlf', '/m/07phxs1', '/t/dd00125']", what is the highest mountain in the world?
186,2.1875,0.0001,"['/m/09x0r', '/m/0ytgt', '/m/04rlf', '/m/07phxs1', '/t/dd00125']", what is the highest mountain in the world?
187,2.658203125,0.0001,"['/m/09x0r', '/m/0ytgt', '/m/04rlf', '/m/07phxs1', '/t/dd00125']", what is the highest mountain in the world?
188,2.138671875,0.0001,"['/m/09x0r', '/m/0ytgt', '/m/04rlf', '/m/07phxs1', '/t/dd00125']", what is the highest mountain in the world?
189,2.4609375,0.0001,"['/m/09x0r', '/m/0ytgt', '/m/04rlf', '/m/07phxs1', '/t/dd00125']", what is the highest mountain in the world?
190,2.01171875,0.0001,"['/m/09x0r', '/m/0ytgt', '/m/04rlf', '/m/07phxs1', '/t/dd00125']", what is the highest mountain in the world?
191,2.78515625,0.0001,"['/m/09x0r', '/m/0ytgt', '/m/04rlf', '/m/07phxs1', '/t/dd00125']", what is the highest mountain in the world?
192,2.91015625,0.0001,"['/m/09x0r', '/m/0ytgt', '/m/04rlf', '/m/07phxs1', '/t/dd00125']", what is the highest mountain in the world?
193,2.36328125,0.0001,"['/m/09x0r', '/m/0ytgt', '/m/04rlf', '/m/07phxs1', '/t/dd00125']", what is the highest mountain in the world?
194,2.7421875,0.0001,"['/m/09x0r', '/m/0ytgt', '/m/04rlf', '/m/07phxs1', '/t/dd00125']", what is the highest mountain in the world?
195,2.2578125,0.0001,"['/m/09x0r', '/m/0ytgt', '/m/04rlf', '/m/07phxs1', '/t/dd00125']", what is the highest mountain in the world?
196,2.255859375,0.0001,"['/m/09x0r', '/m/0ytgt', '/m/04rlf', '/m/07phxs1', '/t/dd00125']", what is the highest mountain in the world?
197,2.462890625,0.0001,"['/m/09x0r', '/m/0ytgt', '/m/04rlf', '/m/07phxs1', '/t/dd00125']", what is the highest mountain in the world?
198,2.205078125,0.0001,"['/m/09x0r', '/m/0ytgt', '/m/04rlf', '/m/07phxs1', '/t/dd00125']", what is the highest mountain in the world?
199,2.330078125,0.0001,"['/m/09x0r', '/m/0ytgt', '/m/04rlf', '/m/07phxs1', '/t/dd00125']", what is the highest mountain in the world?
200,2.18359375,0.0001,"['/m/09x0r', '/m/0ytgt', '/m/04rlf', '/m/07phxs1', '/t/dd00125']", what is the highest mountain in the world?
201,2.212890625,0.0001,"['/m/09x0r', '/m/0ytgt', '/m/04rlf', '/m/07phxs1', '/t/dd00125']", what is the highest mountain in the world?
202,1.9853515625,0.0001,"['/m/09x0r', '/m/0ytgt', '/m/04rlf', '/m/07phxs1', '/t/dd00125']", what is the highest mountain in the world?
203,2.146484375,0.0001,"['/m/09x0r', '/m/0ytgt', '/m/04rlf', '/m/07phxs1', '/t/dd00125']", what is the highest mountain in the world?
204,1.984375,0.0001,"['/m/09x0r', '/m/0ytgt', '/m/04rlf', '/m/07phxs1', '/t/dd00125']", what is the highest mountain in the world?
205,2.439453125,0.0001,"['/m/09x0r', '/m/0ytgt', '/m/04rlf', '/m/07phxs1', '/t/dd00125']", what is the highest mountain in the world?
206,1.9013671875,0.0001,"['/m/09x0r', '/m/0ytgt', '/m/04rlf', '/m/07phxs1', '/t/dd00125']", what is the highest mountain in the world?
207,2.41796875,0.0001,"['/m/09x0r', '/m/0ytgt', '/m/04rlf', '/m/07phxs1', '/t/dd00125']", what is the highest mountain in the world?
208,2.013671875,0.0001,"['/m/09x0r', '/m/0ytgt', '/m/04rlf', '/m/07phxs1', '/t/dd00125']", what is the highest mountain in the world?
209,1.943359375,0.0001,"['/m/09x0r', '/m/0ytgt', '/m/04rlf', '/m/07phxs1', '/t/dd00125']", what is the highest mountain in the world?
210,1.8828125,0.0001,"['/m/09x0r', '/m/0ytgt', '/m/04rlf', '/m/07phxs1', '/t/dd00125']", what is the highest mountain in the world?
211,2.005859375,0.0001,"['/m/09x0r', '/m/0ytgt', '/m/04rlf', '/m/07phxs1', '/t/dd00125']", what is the highest mountain in the world?
212,2.115234375,0.0001,"['/m/09x0r', '/m/0ytgt', '/m/04rlf', '/m/07phxs1', '/t/dd00125']", what is the highest mountain in the world?
213,1.80078125,0.0001,"['/m/09x0r', '/m/0ytgt', '/m/04rlf', '/m/07phxs1', '/t/dd00125']", what is the highest mountain in the world?
214,2.482421875,0.0001,"['/m/09x0r', '/m/0ytgt', '/m/04rlf', '/m/07phxs1', '/t/dd00125']", what is the highest mountain in the world?
215,2.193359375,0.0001,"['/m/09x0r', '/m/0ytgt', '/m/04rlf', '/m/07phxs1', '/t/dd00125']", what is the highest mountain in the world?
216,2.611328125,0.0001,"['/m/09x0r', '/m/0ytgt', '/m/04rlf', '/m/07phxs1', '/t/dd00125']", what is the highest mountain in the world?
217,2.158203125,0.0001,"['/m/09x0r', '/m/0ytgt', '/m/04rlf', '/m/07phxs1', '/t/dd00125']", what is the highest mountain in the world?
218,2.3828125,0.0001,"['/m/09x0r', '/m/0ytgt', '/m/04rlf', '/m/07phxs1', '/t/dd00125']", what is the highest mountain in the world?
219,2.1796875,0.0001,"['/m/09x0r', '/m/0ytgt', '/m/04rlf', '/m/07phxs1', '/t/dd00125']", What is the highest mountain in the world?
220,2.21875,0.0001,"['/m/09x0r', '/m/0ytgt', '/m/04rlf', '/m/07phxs1', '/t/dd00125']", What is the highest mountain in the world?
221,2.16796875,0.0001,"['/m/09x0r', '/m/0ytgt', '/m/04rlf', '/m/07phxs1', '/t/dd00125']", What is the highest mountain in the world?
222,2.064453125,0.0001,"['/m/09x0r', '/m/0ytgt', '/m/04rlf', '/m/07phxs1', '/t/dd00125']", what is the highest mountain in the world?
223,2.216796875,0.0001,"['/m/09x0r', '/m/0ytgt', '/m/04rlf', '/m/07phxs1', '/t/dd00125']", what is the highest mountain in the world?
224,2.51953125,0.0001,"['/m/09x0r', '/m/0ytgt', '/m/04rlf', '/m/07phxs1', '/t/dd00125']", what is the highest mountain in the world?
225,2.76953125,0.0001,"['/m/09x0r', '/m/0ytgt', '/m/04rlf', '/m/07phxs1', '/t/dd00125']", what is the highest mountain in the world?
226,2.443359375,0.0001,"['/m/09x0r', '/m/0ytgt', '/m/04rlf', '/m/07phxs1', '/t/dd00125']", What is the highest mountain in the world?
227,2.423828125,0.0001,"['/m/09x0r', '/m/0ytgt', '/m/04rlf', '/m/07phxs1', '/t/dd00125']", What is the highest mountain in the world?
228,2.361328125,0.0001,"['/m/09x0r', '/m/0ytgt', '/m/04rlf', '/m/07phxs1', '/t/dd00125']", What is the highest mountain in the world?
229,2.306640625,0.0001,"['/m/09x0r', '/m/0ytgt', '/m/04rlf', '/m/07phxs1', '/t/dd00125']", what is the highest mountain in the world?
230,2.3125,0.0001,"['/m/09x0r', '/m/0ytgt', '/m/04rlf', '/m/07phxs1', '/t/dd00125']", what is the highest mountain in the world?
231,2.373046875,0.0001,"['/m/09x0r', '/m/0ytgt', '/m/04rlf', '/m/07phxs1', '/t/dd00125']", what is the highest mountain in the world?
232,2.119140625,0.0001,"['/m/09x0r', '/m/0ytgt', '/m/04rlf', '/m/07phxs1', '/t/dd00125']", what is the highest mountain in the world?
233,2.05078125,0.0001,"['/m/09x0r', '/m/0ytgt', '/m/04rlf', '/m/07phxs1', '/t/dd00125']", What is the highest mountain in the world?
234,2.046875,0.0001,"['/m/09x0r', '/m/0ytgt', '/m/04rlf', '/m/07phxs1', '/t/dd00125']", What is the highest mountain in the world?
235,2.177734375,0.0001,"['/m/09x0r', '/m/0ytgt', '/m/04rlf', '/m/07phxs1', '/t/dd00125']", What is the highest mountain in the world?
236,2.05859375,0.0001,"['/m/09x0r', '/m/0ytgt', '/m/04rlf', '/m/07phxs1', '/t/dd00125']", What is the highest mountain in the world?
237,1.9130859375,0.0001,"['/m/09x0r', '/m/0ytgt', '/m/04rlf', '/m/07phxs1', '/t/dd00125']", what is the highest mountain in the world?
238,2.33984375,0.0001,"['/m/09x0r', '/m/0ytgt', '/m/04rlf', '/m/07phxs1', '/t/dd00125']", what is the highest mountain in the world?
239,2.02734375,0.0001,"['/m/09x0r', '/m/0ytgt', '/m/04rlf', '/m/07phxs1', '/t/dd00125']", what is the highest mountain in the world?
240,2.251953125,0.0001,"['/m/09x0r', '/m/0ytgt', '/m/04rlf', '/m/07phxs1', '/t/dd00125']", what is the highest mountain in the world?
241,2.275390625,0.0001,"['/m/09x0r', '/m/0ytgt', '/m/04rlf', '/m/07phxs1', '/t/dd00125']", what is the highest mountain in the world?
242,2.2265625,0.0001,"['/m/09x0r', '/m/0ytgt', '/m/04rlf', '/m/07phxs1', '/t/dd00125']", What is the highest mountain in the world?
243,2.115234375,0.0001,"['/m/09x0r', '/m/0ytgt', '/m/04rlf', '/m/07phxs1', '/t/dd00125']", What is the highest mountain in the world?
244,2.255859375,0.0001,"['/m/09x0r', '/m/0ytgt', '/m/04rlf', '/m/07phxs1', '/t/dd00125']", What is the highest mountain in the world?
245,1.7470703125,0.0001,"['/m/09x0r', '/m/0ytgt', '/m/04rlf', '/m/07phxs1', '/t/dd00125']", What is the highest mountain in the world?
246,2.31640625,0.0001,"['/m/09x0r', '/m/0ytgt', '/m/04rlf', '/m/07phxs1', '/t/dd00125']", What is the highest mountain in the world?
247,2.1640625,0.0001,"['/m/09x0r', '/m/0ytgt', '/m/04rlf', '/m/07phxs1', '/t/dd00125']", What is the highest mountain in the world?
248,2.154296875,0.0001,"['/m/09x0r', '/m/0ytgt', '/m/04rlf', '/m/07phxs1', '/t/dd00125']", What is the highest mountain in the world?
249,2.296875,0.0001,"['/m/09x0r', '/m/0ytgt', '/m/04rlf', '/m/07phxs1', '/t/dd00125']", What is the highest mountain in the world?
250,2.73046875,0.0001,"['/m/09x0r', '/m/0ytgt', '/m/04rlf', '/m/07phxs1', '/t/dd00125']", what is the highest mountain in the world?
251,2.072265625,0.0001,"['/m/09x0r', '/m/0ytgt', '/m/04rlf', '/m/07phxs1', '/t/dd00125']", what is the highest mountain in the world?
252,2.41015625,0.0001,"['/m/09x0r', '/m/0ytgt', '/m/04rlf', '/m/07phxs1', '/t/dd00125']", What is the highest mountain in the world?
253,2.09375,0.0001,"['/m/09x0r', '/m/0ytgt', '/m/04rlf', '/m/07phxs1', '/t/dd00125']", What is the highest mountain in the world?
254,2.564453125,0.0001,"['/m/09x0r', '/m/0ytgt', '/m/04rlf', '/m/07phxs1', '/t/dd00125']", What is the highest mountain in the world?
255,2.30859375,0.0001,"['/m/09x0r', '/m/0ytgt', '/m/04rlf', '/m/07phxs1', '/t/dd00125']", What is the highest mountain in the world?
256,1.9501953125,0.0001,"['/m/09x0r', '/m/0ytgt', '/m/04rlf', '/m/07phxs1', '/t/dd00125']", What is the highest mountain in the world?
257,2.1328125,0.0001,"['/m/09x0r', '/m/0ytgt', '/m/04rlf', '/m/07phxs1', '/t/dd00125']", What is the highest mountain in the world?
258,2.44140625,0.0001,"['/m/09x0r', '/m/0ytgt', '/m/04rlf', '/m/07phxs1', '/t/dd00125']", What is the highest mountain in the world?
259,2.365234375,0.0001,"['/m/09x0r', '/m/0ytgt', '/m/04rlf', '/m/07phxs1', '/t/dd00125']", What is the highest mountain in the world?
260,2.060546875,0.0001,"['/m/09x0r', '/m/0ytgt', '/m/04rlf', '/m/07phxs1', '/t/dd00125']", What is the highest mountain in the world?
261,2.171875,0.0001,"['/m/09x0r', '/m/0ytgt', '/m/04rlf', '/m/07phxs1', '/t/dd00125']", What is the highest mountain in the world?
262,2.2890625,0.0001,"['/m/09x0r', '/m/0ytgt', '/m/04rlf', '/m/07phxs1', '/t/dd00125']", What is the highest mountain in the world?
263,1.998046875,0.0001,"['/m/09x0r', '/m/0ytgt', '/m/04rlf', '/m/07phxs1', '/t/dd00125']", What is the highest mountain in the world?
264,1.9892578125,0.0001,"['/m/09x0r', '/m/0ytgt', '/m/04rlf', '/m/07phxs1', '/t/dd00125']", What is the highest mountain in the world?
265,2.513671875,0.0001,"['/m/09x0r', '/m/0ytgt', '/m/04rlf', '/m/07phxs1', '/t/dd00125']", What is the highest mountain in the world?
266,2.423828125,0.0001,"['/m/09x0r', '/m/0ytgt', '/m/04rlf', '/m/07phxs1', '/t/dd00125']", What is the highest mountain in the world?
267,1.8515625,0.0001,"['/m/09x0r', '/m/0ytgt', '/m/04rlf', '/m/07phxs1', '/t/dd00125']", What is the highest mountain in the world?
268,2.259765625,0.0001,"['/m/09x0r', '/m/0ytgt', '/m/04rlf', '/m/07phxs1', '/t/dd00125']", what is the highest mountain in the world?
269,2.275390625,0.0001,"['/m/09x0r', '/m/0ytgt', '/m/04rlf', '/m/07phxs1', '/t/dd00125']", what is the highest mountain in the world?
270,2.029296875,0.0001,"['/m/09x0r', '/m/0ytgt', '/m/04rlf', '/m/07phxs1', '/t/dd00125']", what is the highest mountain in the world?
271,2.076171875,0.0001,"['/m/09x0r', '/m/0ytgt', '/m/04rlf', '/m/07phxs1', '/t/dd00125']", what is the highest mountain in the world?
272,2.150390625,0.0001,"['/m/09x0r', '/m/0ytgt', '/m/04rlf', '/m/07phxs1', '/t/dd00125']", what is the highest mountain in the world?
273,2.41015625,0.0001,"['/m/09x0r', '/m/0ytgt', '/m/04rlf', '/m/07phxs1', '/t/dd00125']", What is the highest mountain in the world?
274,2.236328125,0.0001,"['/m/09x0r', '/m/0ytgt', '/m/04rlf', '/m/07phxs1', '/t/dd00125']", What is the highest mountain in the world?
275,2.0390625,0.0001,"['/m/09x0r', '/m/0ytgt', '/m/04rlf', '/m/07phxs1', '/t/dd00125']", What is the highest mountain in the world?
276,2.5234375,0.0001,"['/m/09x0r', '/m/0ytgt', '/m/04rlf', '/m/07phxs1', '/t/dd00125']", What is the highest mountain in the world?
277,2.498046875,0.0001,"['/m/09x0r', '/m/0ytgt', '/m/04rlf', '/m/07phxs1', '/t/dd00125']", What is the highest mountain in the world?
278,2.138671875,0.0001,"['/m/09x0r', '/m/0ytgt', '/m/04rlf', '/m/07phxs1', '/t/dd00125']", What is the highest mountain in the world?
279,1.9560546875,0.0001,"['/m/09x0r', '/m/0ytgt', '/m/04rlf', '/m/07phxs1', '/t/dd00125']", What is the highest mountain in the world?
280,1.845703125,0.0001,"['/m/09x0r', '/m/0ytgt', '/m/04rlf', '/m/07phxs1', '/t/dd00125']", What is the highest mountain in the world?
281,1.896484375,0.0001,"['/m/09x0r', '/m/0ytgt', '/m/04rlf', '/m/07phxs1', '/t/dd00125']", What is the highest mountain in the world?
282,1.9443359375,0.0001,"['/m/09x0r', '/m/0ytgt', '/m/04rlf', '/m/07phxs1', '/t/dd00125']", What is the highest mountain in the world?
283,2.0390625,0.0001,"['/m/09x0r', '/m/0ytgt', '/m/04rlf', '/m/07phxs1', '/t/dd00125']", What is the highest mountain in the world?
284,2.21484375,0.0001,"['/m/09x0r', '/m/0ytgt', '/m/04rlf', '/m/07phxs1', '/t/dd00125']", what is the highest mountain in the world?
285,2.01953125,0.0001,"['/m/09x0r', '/m/0ytgt', '/m/04rlf', '/m/07phxs1', '/t/dd00125']", what is the highest mountain in the world?
286,2.044921875,0.0001,"['/m/09x0r', '/m/0ytgt', '/m/04rlf', '/m/07phxs1', '/t/dd00125']", What is the highest mountain in the world?
287,2.138671875,0.0001,"['/m/09x0r', '/m/0ytgt', '/m/04rlf', '/m/07phxs1', '/t/dd00125']", What is the highest mountain in the world?
288,1.83203125,0.0001,"['/m/09x0r', '/m/0ytgt', '/m/04rlf', '/m/07phxs1', '/t/dd00125']", What is the highest mountain in the world?
289,2.837890625,0.0001,"['/m/09x0r', '/m/0ytgt', '/m/04rlf', '/m/07phxs1', '/t/dd00125']", What is the highest mountain in the world?
290,1.9970703125,0.0001,"['/m/09x0r', '/m/0ytgt', '/m/04rlf', '/m/07phxs1', '/t/dd00125']", What is the highest mountain in the world?
291,2.337890625,0.0001,"['/m/09x0r', '/m/0ytgt', '/m/04rlf', '/m/07phxs1', '/t/dd00125']", What is the highest mountain in the world?
292,2.10546875,0.0001,"['/m/09x0r', '/m/0ytgt', '/m/04rlf', '/m/07phxs1', '/t/dd00125']", What is the highest mountain in the world?
293,2.390625,0.0001,"['/m/09x0r', '/m/0ytgt', '/m/04rlf', '/m/07phxs1', '/t/dd00125']", What is the highest mountain in the world?
294,2.1640625,0.0001,"['/m/09x0r', '/m/0ytgt', '/m/04rlf', '/m/07phxs1', '/t/dd00125']", What is the highest mountain in the world?
295,2.1875,0.0001,"['/m/09x0r', '/m/0ytgt', '/m/04rlf', '/m/07phxs1', '/t/dd00125']", What is the highest mountain in the world?
296,1.7607421875,0.0001,"['/m/09x0r', '/m/0ytgt', '/m/04rlf', '/m/07phxs1', '/t/dd00125']", What is the highest mountain in the world?
297,2.00390625,0.0001,"['/m/09x0r', '/m/0ytgt', '/m/04rlf', '/m/07phxs1', '/t/dd00125']", What is the highest mountain in the world?
298,2.611328125,0.0001,"['/m/09x0r', '/m/0ytgt', '/m/04rlf', '/m/07phxs1', '/t/dd00125']", What is the highest mountain in the world?
299,2.30078125,0.0001,"['/m/09x0r', '/m/0ytgt', '/m/04rlf', '/m/07phxs1', '/t/dd00125']", What is the highest mountain in the world?
300,2.21875,0.0001,"['/m/09x0r', '/m/0ytgt', '/m/04rlf', '/m/07phxs1', '/t/dd00125']", What is the highest mountain in the world?
301,2.56640625,0.0001,"['/m/09x0r', '/m/0ytgt', '/m/04rlf', '/m/07phxs1', '/t/dd00125']", What is the highest mountain in the world?
302,1.974609375,0.0001,"['/m/09x0r', '/m/0ytgt', '/m/04rlf', '/m/07phxs1', '/t/dd00125']", What is the highest mountain in the world?
303,2.552734375,0.0001,"['/m/09x0r', '/m/0ytgt', '/m/04rlf', '/m/07phxs1', '/t/dd00125']", What is the highest mountain in the world?
304,2.091796875,0.0001,"['/m/09x0r', '/m/0ytgt', '/m/04rlf', '/m/07phxs1', '/t/dd00125']", What is the highest mountain in the world?
305,2.419921875,0.0001,"['/m/09x0r', '/m/0ytgt', '/m/04rlf', '/m/07phxs1', '/t/dd00125']", What is the highest mountain in the world?
306,2.38671875,0.0001,"['/m/09x0r', '/m/0ytgt', '/m/04rlf', '/m/07phxs1', '/t/dd00125']", what is the highest mountain in the world?
307,1.85546875,0.0001,"['/m/09x0r', '/m/0ytgt', '/m/04rlf', '/m/07phxs1', '/t/dd00125']", What is the highest mountain in the world?
308,2.255859375,0.0001,"['/m/09x0r', '/m/0ytgt', '/m/04rlf', '/m/07phxs1', '/t/dd00125']", What is the highest mountain in the world?
309,2.521484375,0.0001,"['/m/09x0r', '/m/0ytgt', '/m/04rlf', '/m/07phxs1', '/t/dd00125']", What is the highest mountain in the world?
310,2.16796875,0.0001,"['/m/09x0r', '/m/0ytgt', '/m/04rlf', '/m/07phxs1', '/t/dd00125']", What is the highest mountain in the world?
311,2.044921875,0.0001,"['/m/09x0r', '/m/0ytgt', '/m/04rlf', '/m/07phxs1', '/t/dd00125']", What is the highest mountain in the world?
312,1.9619140625,0.0001,"['/m/09x0r', '/m/0ytgt', '/m/04rlf', '/m/07phxs1', '/t/dd00125']", What is the highest mountain in the world?
313,2.083984375,0.0001,"['/m/09x0r', '/m/0ytgt', '/m/04rlf', '/m/07phxs1', '/t/dd00125']", What is the highest mountain in the world?
314,2.162109375,0.0001,"['/m/09x0r', '/m/0ytgt', '/m/04rlf', '/m/07phxs1', '/t/dd00125']", What is the highest mountain in the world?
315,1.970703125,0.0001,"['/m/09x0r', '/m/0ytgt', '/m/04rlf', '/m/07phxs1', '/t/dd00125']", What is the highest mountain in the world?
316,2.05859375,0.0001,"['/m/09x0r', '/m/0ytgt', '/m/04rlf', '/m/07phxs1', '/t/dd00125']", What is the highest mountain in the world?
317,2.310546875,0.0001,"['/m/09x0r', '/m/0ytgt', '/m/04rlf', '/m/07phxs1', '/t/dd00125']", What is the highest mountain in the world?
318,1.8798828125,0.0001,"['/m/09x0r', '/m/0ytgt', '/m/04rlf', '/m/07phxs1', '/t/dd00125']", What is the highest mountain in the world?
319,2.166015625,0.0001,"['/m/09x0r', '/m/0ytgt', '/m/04rlf', '/m/07phxs1', '/t/dd00125']", What is the highest mountain in the world?
320,1.76953125,0.0001,"['/m/09x0r', '/m/0ytgt', '/m/04rlf', '/m/07phxs1', '/t/dd00125']", What is the highest mountain in the world?
321,2.1796875,0.0001,"['/m/09x0r', '/m/0ytgt', '/m/04rlf', '/t/dd00125', '/m/07phxs1']", What is the highest mountain in the world?
322,2.1953125,0.0001,"['/m/09x0r', '/m/0ytgt', '/m/04rlf', '/m/07phxs1', '/t/dd00125']", What is the highest mountain in the world?
323,2.263671875,0.0001,"['/m/09x0r', '/m/0ytgt', '/m/04rlf', '/m/07phxs1', '/t/dd00125']", What is the highest mountain in the world?
324,2.037109375,0.0001,"['/m/09x0r', '/m/0ytgt', '/m/04rlf', '/m/07phxs1', '/t/dd00125']", What is the highest mountain in the world?
325,2.212890625,0.0001,"['/m/09x0r', '/m/0ytgt', '/m/04rlf', '/m/07phxs1', '/t/dd00125']", What is the highest mountain in the world?
326,2.400390625,0.0001,"['/m/09x0r', '/m/0ytgt', '/m/04rlf', '/m/07phxs1', '/t/dd00125']", What is the highest mountain in the world?
327,1.8994140625,0.0001,"['/m/09x0r', '/m/0ytgt', '/m/04rlf', '/m/07phxs1', '/t/dd00125']", What is the highest mountain in the world?
328,2.1484375,0.0001,"['/m/09x0r', '/m/0ytgt', '/m/04rlf', '/m/07phxs1', '/t/dd00125']", What is the highest mountain in the world?
329,2.271484375,0.0001,"['/m/09x0r', '/m/0ytgt', '/m/04rlf', '/m/07phxs1', '/t/dd00125']", What is the highest mountain in the world?
330,2.154296875,0.0001,"['/m/09x0r', '/m/0ytgt', '/m/04rlf', '/t/dd00125', '/m/07phxs1']", What is the highest mountain in the world?
331,2.09375,0.0001,"['/m/09x0r', '/m/0ytgt', '/m/04rlf', '/t/dd00125', '/m/07phxs1']", What is the highest mountain in the world?
332,2.00390625,0.0001,"['/m/09x0r', '/m/04rlf', '/m/0ytgt', '/t/dd00125', '/m/07phxs1']", What is the highest mountain in the world?
333,1.9541015625,0.0001,"['/m/09x0r', '/m/04rlf', '/m/0ytgt', '/t/dd00125', '/m/028v0c']", What is the highest mountain in the world?
334,2.201171875,0.0001,"['/m/09x0r', '/m/04rlf', '/m/0ytgt', '/t/dd00125', '/m/028v0c']", What is the highest mountain in the world?
335,1.7626953125,0.0001,"['/m/09x0r', '/m/04rlf', '/m/0ytgt', '/t/dd00125', '/m/07phxs1']", What is the highest mountain in the world?
336,1.904296875,0.0001,"['/m/09x0r', '/m/04rlf', '/m/0ytgt', '/t/dd00125', '/m/07phxs1']", What is the highest mountain in the world?
337,2.02734375,0.0001,"['/m/09x0r', '/m/0ytgt', '/m/04rlf', '/m/07phxs1', '/t/dd00125']", What is the highest mountain in the world?
338,2.099609375,0.0001,"['/m/09x0r', '/m/0ytgt', '/m/04rlf', '/m/07phxs1', '/t/dd00125']", What is the highest mountain in the world?
339,1.9423828125,0.0001,"['/m/09x0r', '/m/0ytgt', '/m/04rlf', '/m/07phxs1', '/t/dd00125']", What is the highest mountain in the world?
340,2.251953125,0.0001,"['/m/09x0r', '/m/0ytgt', '/m/04rlf', '/m/07phxs1', '/t/dd00125']", What is the highest mountain in the world?
341,1.8095703125,0.0001,"['/m/09x0r', '/m/0ytgt', '/m/04rlf', '/m/07phxs1', '/t/dd00125']", What is the highest mountain in the world?
342,2.318359375,0.0001,"['/m/09x0r', '/m/0ytgt', '/m/04rlf', '/m/07phxs1', '/t/dd00125']", What is the highest mountain in the world?
343,2.1796875,0.0001,"['/m/09x0r', '/m/0ytgt', '/m/04rlf', '/m/07phxs1', '/t/dd00125']", What is the highest mountain in the world?
344,2.42578125,0.0001,"['/m/09x0r', '/m/0ytgt', '/m/04rlf', '/m/07phxs1', '/t/dd00125']", What is the highest mountain in the world?
345,2.275390625,0.0001,"['/m/09x0r', '/m/0ytgt', '/m/04rlf', '/m/07phxs1', '/t/dd00125']", What is the highest mountain in the world?
346,2.08203125,0.0001,"['/m/09x0r', '/m/0ytgt', '/m/04rlf', '/m/07phxs1', '/t/dd00125']", What is the highest mountain in the world?
347,2.017578125,0.0001,"['/m/09x0r', '/m/0ytgt', '/m/04rlf', '/m/07phxs1', '/t/dd00125']", What is the highest mountain in the world?
348,2.11328125,0.0001,"['/m/09x0r', '/m/0ytgt', '/m/04rlf', '/m/07phxs1', '/t/dd00125']", What is the highest mountain in the world?
349,2.71875,0.0001,"['/m/09x0r', '/m/0ytgt', '/m/04rlf', '/m/07phxs1', '/t/dd00125']", What is the highest mountain in the world?
350,1.7900390625,0.0001,"['/m/09x0r', '/m/0ytgt', '/m/04rlf', '/m/07phxs1', '/t/dd00125']", What is the highest mountain in the world?
351,2.431640625,0.0001,"['/m/09x0r', '/m/0ytgt', '/m/04rlf', '/m/07phxs1', '/t/dd00125']", What is the highest mountain in the world?
352,1.9384765625,0.0001,"['/m/09x0r', '/m/0ytgt', '/m/04rlf', '/m/07phxs1', '/t/dd00125']", What is the highest mountain in the world?
353,2.357421875,0.0001,"['/m/09x0r', '/m/0ytgt', '/m/04rlf', '/m/07phxs1', '/t/dd00125']", What is the highest mountain in the world?
354,2.017578125,0.0001,"['/m/09x0r', '/m/0ytgt', '/m/04rlf', '/m/07phxs1', '/t/dd00125']", What is the highest mountain in the world?
355,1.7802734375,0.0001,"['/m/09x0r', '/m/0ytgt', '/m/04rlf', '/m/07phxs1', '/t/dd00125']", What is the highest mountain in the world?
356,2.580078125,0.0001,"['/m/09x0r', '/m/0ytgt', '/m/04rlf', '/m/07phxs1', '/t/dd00125']", What is the highest mountain in the world?
357,1.9208984375,0.0001,"['/m/09x0r', '/m/0ytgt', '/m/04rlf', '/m/07phxs1', '/t/dd00125']", What is the highest mountain in the world?
358,2.009765625,0.0001,"['/m/09x0r', '/m/0ytgt', '/m/04rlf', '/m/07phxs1', '/t/dd00125']", What is the highest mountain in the world?
359,2.083984375,0.0001,"['/m/09x0r', '/m/0ytgt', '/m/04rlf', '/m/07phxs1', '/t/dd00125']", What is the highest mountain in the world?
360,2.296875,0.0001,"['/m/09x0r', '/m/0ytgt', '/m/04rlf', '/m/07phxs1', '/t/dd00125']", What is the highest mountain in the world?
361,2.12109375,0.0001,"['/m/09x0r', '/m/0ytgt', '/m/04rlf', '/m/07phxs1', '/t/dd00125']", What is the highest mountain in the world?
362,2.400390625,0.0001,"['/m/09x0r', '/m/0ytgt', '/m/04rlf', '/m/07phxs1', '/t/dd00125']", What is the highest mountain in the world?
363,2.181640625,0.0001,"['/m/09x0r', '/m/0ytgt', '/m/04rlf', '/m/07phxs1', '/t/dd00125']", What is the highest mountain in the world?
364,2.0234375,0.0001,"['/m/09x0r', '/m/0ytgt', '/m/04rlf', '/m/07phxs1', '/t/dd00125']", What is the highest mountain in the world?
365,2.376953125,0.0001,"['/m/09x0r', '/m/0ytgt', '/m/04rlf', '/m/07phxs1', '/t/dd00125']", What is the highest mountain in the world?
366,2.01953125,0.0001,"['/m/09x0r', '/m/0ytgt', '/m/04rlf', '/m/07phxs1', '/t/dd00125']", What is the highest mountain in the world?
367,2.31640625,0.0001,"['/m/09x0r', '/m/0ytgt', '/m/04rlf', '/m/07phxs1', '/t/dd00125']", What is the highest mountain in the world?
368,2.345703125,0.0001,"['/m/09x0r', '/m/0ytgt', '/m/04rlf', '/m/07phxs1', '/t/dd00125']", What is the highest mountain in the world?
369,2.224609375,0.0001,"['/m/09x0r', '/m/0ytgt', '/m/04rlf', '/m/07phxs1', '/t/dd00125']", What is the highest mountain in the world?
370,2.580078125,0.0001,"['/m/09x0r', '/m/0ytgt', '/m/04rlf', '/m/07phxs1', '/t/dd00125']", What is the highest mountain in the world?
371,2.1484375,0.0001,"['/m/09x0r', '/m/0ytgt', '/m/04rlf', '/m/07phxs1', '/t/dd00125']", What is the highest mountain in the world?
372,2.291015625,0.0001,"['/m/09x0r', '/m/0ytgt', '/m/04rlf', '/m/07phxs1', '/t/dd00125']", What is the highest mountain in the world?
373,2.154296875,0.0001,"['/m/09x0r', '/m/0ytgt', '/m/04rlf', '/m/07phxs1', '/t/dd00125']", What is the highest mountain in the world?
374,1.828125,0.0001,"['/m/09x0r', '/m/0ytgt', '/m/04rlf', '/m/07phxs1', '/t/dd00125']", What is the highest mountain in the world?
375,2.103515625,0.0001,"['/m/09x0r', '/m/0ytgt', '/m/04rlf', '/m/07phxs1', '/t/dd00125']", What is the highest mountain in the world?
376,1.896484375,0.0001,"['/m/09x0r', '/m/0ytgt', '/m/04rlf', '/m/07phxs1', '/t/dd00125']", What is the highest mountain in the world?
377,1.958984375,0.0001,"['/m/09x0r', '/m/0ytgt', '/m/04rlf', '/m/07phxs1', '/t/dd00125']", What is the highest mountain in the world?
378,2.458984375,0.0001,"['/m/09x0r', '/m/0ytgt', '/m/04rlf', '/m/07phxs1', '/t/dd00125']", What is the highest mountain in the world?
379,1.8056640625,0.0001,"['/m/09x0r', '/m/0ytgt', '/m/04rlf', '/m/07phxs1', '/t/dd00125']", What is the highest mountain in the world?
380,2.029296875,0.0001,"['/m/09x0r', '/m/0ytgt', '/m/04rlf', '/m/07phxs1', '/t/dd00125']", What is the highest mountain in the world?
381,2.25,0.0001,"['/m/09x0r', '/m/0ytgt', '/m/04rlf', '/m/07phxs1', '/t/dd00125']", What is the highest mountain in the world?
382,1.892578125,0.0001,"['/m/09x0r', '/m/0ytgt', '/m/04rlf', '/m/07phxs1', '/t/dd00125']", What is the highest mountain in the world?
383,2.0234375,0.0001,"['/m/09x0r', '/m/0ytgt', '/m/04rlf', '/m/07phxs1', '/t/dd00125']", What is the highest mountain in the world?
384,2.2109375,0.0001,"['/m/09x0r', '/m/0ytgt', '/m/04rlf', '/m/07phxs1', '/t/dd00125']", What is the highest mountain in the world?
385,2.689453125,0.0001,"['/m/09x0r', '/m/0ytgt', '/m/04rlf', '/m/07phxs1', '/t/dd00125']", What is the highest mountain in the world?
386,2.18359375,0.0001,"['/m/09x0r', '/m/0ytgt', '/m/04rlf', '/m/07phxs1', '/t/dd00125']", What is the highest mountain in the world?
387,2.169921875,0.0001,"['/m/09x0r', '/m/0ytgt', '/m/04rlf', '/m/07phxs1', '/t/dd00125']", What is the highest mountain in the world?
388,2.52734375,0.0001,"['/m/09x0r', '/m/0ytgt', '/m/04rlf', '/m/07phxs1', '/t/dd00125']", What is the highest mountain in the world?
389,2.416015625,0.0001,"['/m/09x0r', '/m/0ytgt', '/m/04rlf', '/m/07phxs1', '/t/dd00125']", What is the highest mountain in the world?
390,2.24609375,0.0001,"['/m/09x0r', '/m/0ytgt', '/m/04rlf', '/m/07phxs1', '/t/dd00125']", What is the highest mountain in the world?
391,2.361328125,0.0001,"['/m/09x0r', '/m/0ytgt', '/m/04rlf', '/m/07phxs1', '/t/dd00125']", What is the highest mountain in the world?
392,2.259765625,0.0001,"['/m/09x0r', '/m/0ytgt', '/m/04rlf', '/m/07phxs1', '/t/dd00125']", What is the highest mountain in the world?
393,2.01953125,0.0001,"['/m/09x0r', '/m/0ytgt', '/m/04rlf', '/m/07phxs1', '/t/dd00125']", What is the highest mountain in the world?
394,1.841796875,0.0001,"['/m/09x0r', '/m/0ytgt', '/m/04rlf', '/m/07phxs1', '/t/dd00125']", What is the highest mountain in the world?
395,2.494140625,0.0001,"['/m/09x0r', '/m/0ytgt', '/m/04rlf', '/m/07phxs1', '/t/dd00125']", What is the highest mountain in the world?
396,1.9892578125,0.0001,"['/m/09x0r', '/m/0ytgt', '/m/04rlf', '/m/07phxs1', '/t/dd00125']", What is the highest mountain in the world?
397,2.18359375,0.0001,"['/m/09x0r', '/m/0ytgt', '/m/04rlf', '/m/07phxs1', '/t/dd00125']", What is the highest mountain in the world?
398,2.455078125,0.0001,"['/m/09x0r', '/m/0ytgt', '/m/04rlf', '/m/07phxs1', '/t/dd00125']", What is the highest mountain in the world?
399,1.8984375,0.0001,"['/m/09x0r', '/m/0ytgt', '/m/04rlf', '/m/07phxs1', '/t/dd00125']", What is the highest mountain in the world?
400,2.54296875,0.0001,"['/m/09x0r', '/m/0ytgt', '/m/04rlf', '/m/07phxs1', '/t/dd00125']", What is the highest mountain in the world?
401,2.099609375,0.0001,"['/m/09x0r', '/m/0ytgt', '/m/04rlf', '/m/07phxs1', '/t/dd00125']", What is the highest mountain in the world?
402,2.14453125,0.0001,"['/m/09x0r', '/m/0ytgt', '/m/04rlf', '/m/07phxs1', '/t/dd00125']", What is the highest mountain in the world?
403,2.12109375,0.0001,"['/m/09x0r', '/m/0ytgt', '/m/04rlf', '/t/dd00125', '/m/07phxs1']", What is the highest mountain in the world?
404,1.8232421875,0.0001,"['/m/09x0r', '/m/0ytgt', '/m/04rlf', '/t/dd00125', '/m/07phxs1']", What is the highest mountain in the world?
405,2.244140625,0.0001,"['/m/09x0r', '/m/0ytgt', '/m/04rlf', '/t/dd00125', '/m/07phxs1']", What is the highest mountain in the world?
406,2.138671875,0.0001,"['/m/09x0r', '/m/0ytgt', '/m/04rlf', '/t/dd00125', '/m/07phxs1']", What is the highest mountain in the world?
407,2.3984375,0.0001,"['/m/09x0r', '/m/0ytgt', '/m/04rlf', '/m/07phxs1', '/t/dd00125']", What is the highest mountain in the world?
408,2.150390625,0.0001,"['/m/09x0r', '/m/0ytgt', '/m/04rlf', '/m/07phxs1', '/t/dd00125']", What is the highest mountain in the world?
409,2.12109375,0.0001,"['/m/09x0r', '/m/0ytgt', '/m/04rlf', '/m/07phxs1', '/t/dd00125']", What is the highest mountain in the world?
410,1.8544921875,0.0001,"['/m/09x0r', '/m/0ytgt', '/m/04rlf', '/m/07phxs1', '/t/dd00125']", What is the highest mountain in the world?
411,1.8349609375,0.0001,"['/m/09x0r', '/m/0ytgt', '/m/04rlf', '/m/07phxs1', '/t/dd00125']", What is the highest mountain in the world?
412,2.201171875,0.0001,"['/m/09x0r', '/m/0ytgt', '/m/04rlf', '/m/07phxs1', '/t/dd00125']", What is the highest mountain in the world?
413,1.9892578125,0.0001,"['/m/09x0r', '/m/0ytgt', '/m/04rlf', '/m/07phxs1', '/t/dd00125']", What is the highest mountain in the world?
414,2.3203125,0.0001,"['/m/09x0r', '/m/0ytgt', '/m/04rlf', '/m/07phxs1', '/t/dd00125']", What is the highest mountain in the world?
415,2.72265625,0.0001,"['/m/09x0r', '/m/0ytgt', '/m/04rlf', '/m/07phxs1', '/t/dd00125']", What is the highest mountain in the world?
416,2.158203125,0.0001,"['/m/09x0r', '/m/0ytgt', '/m/04rlf', '/m/07phxs1', '/t/dd00125']", What is the highest mountain in the world?
417,2.23046875,0.0001,"['/m/09x0r', '/m/0ytgt', '/m/04rlf', '/m/07phxs1', '/t/dd00125']", What is the highest mountain in the world?
418,2.294921875,0.0001,"['/m/09x0r', '/m/0ytgt', '/m/04rlf', '/m/07phxs1', '/t/dd00125']", What is the highest mountain in the world?
419,2.365234375,0.0001,"['/m/09x0r', '/m/0ytgt', '/m/04rlf', '/t/dd00125', '/m/07phxs1']", What is the highest mountain in the world?
420,2.169921875,0.0001,"['/m/09x0r', '/m/0ytgt', '/m/04rlf', '/t/dd00125', '/m/07phxs1']", What is the highest mountain in the world?
421,2.216796875,0.0001,"['/m/09x0r', '/m/0ytgt', '/m/04rlf', '/m/07phxs1', '/t/dd00125']", What is the highest mountain in the world?
422,2.11328125,0.0001,"['/m/09x0r', '/m/0ytgt', '/m/04rlf', '/m/07phxs1', '/t/dd00125']", What is the highest mountain in the world?
423,2.27734375,0.0001,"['/m/09x0r', '/m/0ytgt', '/m/04rlf', '/m/07phxs1', '/t/dd00125']", What is the highest mountain in the world?
424,1.8818359375,0.0001,"['/m/09x0r', '/m/0ytgt', '/m/04rlf', '/m/07phxs1', '/t/dd00125']", What is the highest mountain in the world?
425,2.759765625,0.0001,"['/m/09x0r', '/m/0ytgt', '/m/04rlf', '/m/07phxs1', '/t/dd00125']", What is the highest mountain in the world?
426,1.951171875,0.0001,"['/m/09x0r', '/m/0ytgt', '/m/04rlf', '/t/dd00125', '/m/07phxs1']", What is the highest mountain in the world?
427,2.21875,0.0001,"['/m/09x0r', '/m/0ytgt', '/m/04rlf', '/t/dd00125', '/m/07phxs1']", What is the highest mountain in the world?
428,1.9765625,0.0001,"['/m/09x0r', '/m/0ytgt', '/m/04rlf', '/t/dd00125', '/m/07phxs1']", What is the highest mountain in the world?
429,2.06640625,0.0001,"['/m/09x0r', '/m/0ytgt', '/m/04rlf', '/t/dd00125', '/m/07phxs1']", What is the highest mountain in the world?
430,2.05859375,0.0001,"['/m/09x0r', '/m/0ytgt', '/m/04rlf', '/t/dd00125', '/m/07phxs1']", What is the highest mountain in the world?
431,1.7294921875,0.0001,"['/m/09x0r', '/m/0ytgt', '/m/04rlf', '/m/07phxs1', '/t/dd00125']", What is the highest mountain in the world?
432,1.8662109375,0.0001,"['/m/09x0r', '/m/0ytgt', '/m/04rlf', '/m/07phxs1', '/t/dd00125']", What is the highest mountain in the world?
433,2.44140625,0.0001,"['/m/09x0r', '/m/0ytgt', '/m/04rlf', '/t/dd00125', '/m/07phxs1']", What is the highest mountain in the world?
434,2.099609375,0.0001,"['/m/09x0r', '/m/0ytgt', '/m/04rlf', '/t/dd00125', '/m/07phxs1']", What is the highest mountain in the world?
435,1.8466796875,0.0001,"['/m/09x0r', '/m/0ytgt', '/m/04rlf', '/t/dd00125', '/m/07phxs1']", What is the highest mountain in the world?
436,2.173828125,0.0001,"['/m/09x0r', '/m/04rlf', '/m/0ytgt', '/t/dd00125', '/m/07phxs1']", What is the highest mountain in the world?
437,2.04296875,0.0001,"['/m/09x0r', '/m/04rlf', '/m/0ytgt', '/t/dd00125', '/m/07phxs1']", What is the highest mountain in the world?
438,1.8271484375,0.0001,"['/m/09x0r', '/m/04rlf', '/m/0ytgt', '/t/dd00125', '/m/07phxs1']", What is the highest mountain in the world?
439,2.265625,0.0001,"['/m/09x0r', '/m/04rlf', '/m/0ytgt', '/t/dd00125', '/m/028v0c']", What is the highest mountain in the world?
440,1.8271484375,0.0001,"['/m/09x0r', '/m/04rlf', '/m/0ytgt', '/t/dd00125', '/m/028v0c']", What is the highest mountain in the world?
441,1.962890625,0.0001,"['/m/09x0r', '/m/04rlf', '/m/0ytgt', '/t/dd00125', '/m/07phxs1']", What is the highest mountain in the world?
442,1.931640625,0.0001,"['/m/09x0r', '/m/04rlf', '/m/0ytgt', '/t/dd00125', '/m/07phxs1']", What is the highest mountain in the world?
443,2.337890625,0.0001,"['/m/09x0r', '/m/0ytgt', '/m/04rlf', '/t/dd00125', '/m/07phxs1']", What is the highest mountain in the world?
444,2.169921875,0.0001,"['/m/09x0r', '/m/0ytgt', '/m/04rlf', '/t/dd00125', '/m/07phxs1']", What is the highest mountain in the world?
445,1.923828125,0.0001,"['/m/09x0r', '/m/0ytgt', '/m/04rlf', '/t/dd00125', '/m/07phxs1']", What is the highest mountain in the world?
446,1.9287109375,0.0001,"['/m/09x0r', '/m/0ytgt', '/m/04rlf', '/t/dd00125', '/m/07phxs1']", What is the highest mountain in the world?
447,2.115234375,0.0001,"['/m/09x0r', '/m/04rlf', '/m/0ytgt', '/t/dd00125', '/m/07phxs1']", What is the highest mountain in the world?
448,1.939453125,0.0001,"['/m/09x0r', '/m/04rlf', '/m/0ytgt', '/t/dd00125', '/m/07phxs1']", What is the highest mountain in the world?
449,1.994140625,0.0001,"['/m/09x0r', '/m/04rlf', '/m/0ytgt', '/t/dd00125', '/m/07phxs1']", What is the highest mountain in the world?
450,2.482421875,0.0001,"['/m/09x0r', '/m/0ytgt', '/m/04rlf', '/t/dd00125', '/m/07phxs1']", What is the highest mountain in the world?
451,1.986328125,0.0001,"['/m/09x0r', '/m/0ytgt', '/m/04rlf', '/t/dd00125', '/m/07phxs1']", What is the highest mountain in the world?
452,1.8759765625,0.0001,"['/m/09x0r', '/m/0ytgt', '/m/04rlf', '/m/07phxs1', '/t/dd00125']", What is the highest mountain in the world?
453,2.361328125,0.0001,"['/m/09x0r', '/m/0ytgt', '/m/04rlf', '/t/dd00125', '/m/07phxs1']", What is the highest mountain in the world?
454,2.125,0.0001,"['/m/09x0r', '/m/0ytgt', '/m/04rlf', '/t/dd00125', '/m/07phxs1']", What is the highest mountain in the world?
455,1.76171875,0.0001,"['/m/09x0r', '/m/0ytgt', '/m/04rlf', '/t/dd00125', '/m/07phxs1']", What is the highest mountain in the world?
456,1.9501953125,0.0001,"['/m/09x0r', '/m/0ytgt', '/m/04rlf', '/t/dd00125', '/m/07phxs1']", What is the highest mountain in the world?
457,1.83984375,0.0001,"['/m/09x0r', '/m/0ytgt', '/m/04rlf', '/m/07phxs1', '/t/dd00125']", What is the highest mountain in the world?
458,2.333984375,0.0001,"['/m/09x0r', '/m/0ytgt', '/m/04rlf', '/m/07phxs1', '/t/dd00125']", What is the highest mountain in the world?
459,1.880859375,0.0001,"['/m/09x0r', '/m/0ytgt', '/m/04rlf', '/t/dd00125', '/m/07phxs1']", What is the highest mountain in the world?
460,1.89453125,0.0001,"['/m/09x0r', '/m/04rlf', '/m/0ytgt', '/t/dd00125', '/m/07phxs1']", What is the highest mountain in the world?
461,2.099609375,0.0001,"['/m/09x0r', '/m/04rlf', '/m/0ytgt', '/t/dd00125', '/m/07phxs1']", What is the highest mountain in the world?
462,2.033203125,0.0001,"['/m/09x0r', '/m/04rlf', '/m/0ytgt', '/t/dd00125', '/m/07phxs1']", What is the highest mountain in the world?
463,2.15625,0.0001,"['/m/09x0r', '/m/04rlf', '/m/0ytgt', '/t/dd00125', '/m/028v0c']", What is the highest mountain in the world?
464,2.330078125,0.0001,"['/m/09x0r', '/m/04rlf', '/m/0ytgt', '/t/dd00125', '/m/028v0c']", What is the highest mountain in the world?
465,2.09765625,0.0001,"['/m/09x0r', '/m/04rlf', '/m/0ytgt', '/t/dd00125', '/m/028v0c']", What is the highest mountain in the world?
466,2.3828125,0.0001,"['/m/09x0r', '/m/04rlf', '/m/0ytgt', '/m/028v0c', '/t/dd00125']", What is the highest mountain in the world?
467,1.9580078125,0.0001,"['/m/09x0r', '/m/04rlf', '/m/0ytgt', '/m/028v0c', '/t/dd00125']", What is the highest mountain in the world?
468,1.8134765625,0.0001,"['/m/09x0r', '/m/04rlf', '/m/0ytgt', '/m/028v0c', '/t/dd00125']", What is the highest mountain in the world?
469,1.677734375,0.0001,"['/m/09x0r', '/m/04rlf', '/m/0ytgt', '/m/028v0c', '/t/dd00125']", What is the highest mountain in the world?
470,2.12890625,0.0001,"['/m/09x0r', '/m/04rlf', '/m/0ytgt', '/m/028v0c', '/t/dd00125']", What is the highest mountain in the world?
471,2.34765625,0.0001,"['/m/09x0r', '/m/04rlf', '/m/0ytgt', '/m/028v0c', '/t/dd00125']", What is the highest mountain in the world?
472,2.166015625,0.0001,"['/m/09x0r', '/m/04rlf', '/m/0ytgt', '/m/028v0c', '/t/dd00125']", What is the highest mountain in the world?
473,2.302734375,0.0001,"['/m/09x0r', '/m/04rlf', '/m/0ytgt', '/m/028v0c', '/t/dd00125']", What is the highest mountain in the world?
474,2.44921875,0.0001,"['/m/09x0r', '/m/04rlf', '/m/0ytgt', '/m/028v0c', '/t/dd00125']", What is the highest mountain in the world?
475,2.044921875,0.0001,"['/m/09x0r', '/m/04rlf', '/m/0ytgt', '/m/028v0c', '/t/dd00125']", What is the highest mountain in the world?
476,2.306640625,0.0001,"['/m/09x0r', '/m/04rlf', '/m/0ytgt', '/m/028v0c', '/t/dd00125']", What is the highest mountain in the world?
477,2.240234375,0.0001,"['/m/09x0r', '/m/04rlf', '/m/0ytgt', '/m/028v0c', '/t/dd00125']", What is the highest mountain in the world?
478,2.015625,0.0001,"['/m/09x0r', '/m/04rlf', '/m/0ytgt', '/m/028v0c', '/t/dd00125']", What is the highest mountain in the world?
479,2.134765625,0.0001,"['/m/09x0r', '/m/04rlf', '/m/0ytgt', '/m/028v0c', '/t/dd00125']", What is the highest mountain in the world?
480,2.048828125,0.0001,"['/m/09x0r', '/m/04rlf', '/m/0ytgt', '/m/028v0c', '/t/dd00125']", What is the highest mountain in the world?
481,1.986328125,0.0001,"['/m/09x0r', '/m/04rlf', '/m/0ytgt', '/m/028v0c', '/t/dd00125']", What is the highest mountain in the world?
482,2.17578125,0.0001,"['/m/09x0r', '/m/04rlf', '/m/0ytgt', '/m/028v0c', '/t/dd00125']", What is the highest mountain in the world?
483,2.357421875,0.0001,"['/m/09x0r', '/m/04rlf', '/m/0ytgt', '/m/028v0c', '/t/dd00125']", What is the highest mountain in the world?
484,2.5390625,0.0001,"['/m/09x0r', '/m/04rlf', '/m/0ytgt', '/m/028v0c', '/t/dd00125']", What is the highest mountain in the world?
485,1.875,0.0001,"['/m/09x0r', '/m/04rlf', '/m/0ytgt', '/m/028v0c', '/t/dd00125']", What is the highest mountain in the world?
486,2.10546875,0.0001,"['/m/09x0r', '/m/04rlf', '/m/0ytgt', '/m/028v0c', '/t/dd00125']", What is the highest mountain in the world?
487,2.388671875,0.0001,"['/m/09x0r', '/m/04rlf', '/m/0ytgt', '/m/028v0c', '/t/dd00125']", What is the highest mountain in the world?
488,1.8193359375,0.0001,"['/m/09x0r', '/m/04rlf', '/m/0ytgt', '/m/028v0c', '/t/dd00125']", What is the highest mountain in the world?
489,1.89453125,0.0001,"['/m/09x0r', '/m/04rlf', '/m/0ytgt', '/m/028v0c', '/t/dd00125']", What is the highest mountain in the world?
490,2.0625,0.0001,"['/m/09x0r', '/m/04rlf', '/m/0ytgt', '/m/028v0c', '/t/dd00125']", What is the highest mountain in the world?
491,2.072265625,0.0001,"['/m/09x0r', '/m/04rlf', '/m/0ytgt', '/m/028v0c', '/t/dd00125']", What is the highest mountain in the world?
492,2.20703125,0.0001,"['/m/09x0r', '/m/04rlf', '/m/0ytgt', '/m/028v0c', '/t/dd00125']", What is the highest mountain in the world?
493,2.244140625,0.0001,"['/m/09x0r', '/m/04rlf', '/m/0ytgt', '/m/028v0c', '/t/dd00125']", What is the highest mountain in the world?
494,2.029296875,0.0001,"['/m/09x0r', '/m/04rlf', '/m/0ytgt', '/m/028v0c', '/t/dd00125']", What is the highest mountain in the world?
495,1.8583984375,0.0001,"['/m/09x0r', '/m/04rlf', '/m/0ytgt', '/m/028v0c', '/t/dd00125']", What is the highest mountain in the world?
496,2.2265625,0.0001,"['/m/09x0r', '/m/04rlf', '/m/0ytgt', '/m/028v0c', '/t/dd00125']", What is the highest mountain in the world?
497,2.25,0.0001,"['/m/09x0r', '/m/04rlf', '/m/0ytgt', '/m/028v0c', '/t/dd00125']", What is the highest mountain in the world?
498,1.8828125,0.0001,"['/m/09x0r', '/m/04rlf', '/m/0ytgt', '/m/028v0c', '/t/dd00125']", What is the highest mountain in the world?
499,2.18359375,0.0001,"['/m/09x0r', '/m/04rlf', '/m/0ytgt', '/m/028v0c', '/t/dd00125']", What is the highest mountain in the world?
500,1.8896484375,0.0001,"['/m/09x0r', '/m/04rlf', '/m/0ytgt', '/m/028v0c', '/t/dd00125']", What is the highest mountain in the world?
