step,total_loss,learning_rate,beats_features,whisper_features
0,3.208984375,0.01,"['/m/09x0r', '/m/0ytgt', '/t/dd00121', '/m/07qyrcz', '/m/07phxs1']", What is the highest mountain in the world?
1,3.447265625,0.01,"['/m/09x0r', '/m/0ytgt', '/t/dd00121', '/m/07qyrcz', '/m/07phxs1']", What is the highest mountain in the world?
2,3.296875,0.01,"['/m/09x0r', '/m/0ytgt', '/t/dd00121', '/m/07phxs1', '/m/07qyrcz']", What is the highest mountain in the world?
3,3.1484375,0.01,"['/m/09x0r', '/m/0ytgt', '/t/dd00121', '/m/07phxs1', '/m/07qyrcz']", What is the highest mountain in the world?
4,3.39453125,0.01,"['/m/09x0r', '/m/0ytgt', '/t/dd00121', '/m/07phxs1', '/m/07qyrcz']", What is the highest mountain in the world?
5,2.806640625,0.01,"['/m/09x0r', '/m/0ytgt', '/t/dd00121', '/m/07phxs1', '/m/07qyrcz']", What is the highest mountain in the world?
6,3.091796875,0.01,"['/m/09x0r', '/m/0ytgt', '/t/dd00121', '/m/07phxs1', '/m/07qyrcz']", What is the highest mountain in the world?
7,2.88671875,0.01,"['/m/09x0r', '/m/0ytgt', '/t/dd00121', '/m/07phxs1', '/m/07qyrcz']", What is the highest mountain in the world?
8,3.61328125,0.01,"['/m/09x0r', '/m/0ytgt', '/t/dd00121', '/m/07phxs1', '/m/07qyrcz']", What is the highest mountain in the world?
9,3.759765625,0.01,"['/m/09x0r', '/m/0ytgt', '/t/dd00121', '/m/07phxs1', '/m/07qyrcz']", What is the highest mountain in the world?
10,3.8359375,0.01,"['/m/09x0r', '/m/0ytgt', '/t/dd00121', '/m/07phxs1', '/m/07qyrcz']", What is the highest mountain in the world?
11,3.587890625,0.01,"['/m/09x0r', '/m/0ytgt', '/t/dd00121', '/m/07phxs1', '/m/07qyrcz']", What is the highest mountain in the world?
12,3.841796875,0.01,"['/m/09x0r', '/m/0ytgt', '/t/dd00121', '/m/07phxs1', '/m/07qyrcz']", What is the highest mountain in the world?
13,3.29296875,0.01,"['/m/09x0r', '/m/0ytgt', '/t/dd00121', '/m/07phxs1', '/m/07qyrcz']", What is the highest mountain in the world?
14,3.84375,0.01,"['/m/09x0r', '/m/0ytgt', '/t/dd00121', '/m/07phxs1', '/m/07qyrcz']", What is the highest mountain in the world?
15,3.0703125,0.01,"['/m/09x0r', '/m/0ytgt', '/t/dd00121', '/m/07phxs1', '/m/01z47d']", What is the highest mountain in the world?
16,4.39453125,0.01,"['/m/09x0r', '/m/0ytgt', '/t/dd00121', '/m/07phxs1', '/m/01z47d']", What is the highest mountain in the world?
17,3.765625,0.01,"['/m/09x0r', '/m/0ytgt', '/t/dd00121', '/m/07phxs1', '/m/01z47d']", What is the highest mountain in the world?
18,2.69140625,0.01,"['/m/09x0r', '/m/0ytgt', '/t/dd00121', '/m/07phxs1', '/m/01z47d']", What is the highest mountain in the world?
19,3.734375,0.01,"['/m/09x0r', '/m/0ytgt', '/t/dd00121', '/m/07phxs1', '/m/01z47d']", What is the highest mountain in the world?
20,3.16015625,0.01,"['/m/09x0r', '/m/0ytgt', '/t/dd00121', '/m/07phxs1', '/m/01z47d']", What is the highest mountain in the world?
21,4.32421875,0.01,"['/m/09x0r', '/m/0ytgt', '/t/dd00121', '/m/07phxs1', '/m/01z47d']", What is the highest mountain in the world?
22,3.44921875,0.01,"['/m/09x0r', '/m/0ytgt', '/t/dd00121', '/m/07phxs1', '/m/01z47d']", What is the highest mountain in the world?
23,3.146484375,0.01,"['/m/09x0r', '/m/0ytgt', '/t/dd00121', '/m/07phxs1', '/m/01z47d']", What is the highest mountain in the world?
24,3.099609375,0.01,"['/m/09x0r', '/m/0ytgt', '/t/dd00121', '/m/07phxs1', '/m/01z47d']", What is the highest mountain in the world?
25,2.791015625,0.01,"['/m/09x0r', '/m/0ytgt', '/t/dd00121', '/m/07phxs1', '/m/01z47d']", What is the highest mountain in the world?
26,3.10546875,0.01,"['/m/09x0r', '/m/0ytgt', '/t/dd00121', '/m/07phxs1', '/m/01z47d']", What is the highest mountain in the world?
27,3.66015625,0.01,"['/m/09x0r', '/m/0ytgt', '/t/dd00121', '/m/07phxs1', '/m/01z47d']", What is the highest mountain in the world?
28,4.3125,0.01,"['/m/09x0r', '/m/0ytgt', '/t/dd00121', '/m/07phxs1', '/m/01z47d']", What is the highest mountain in the world?
29,4.44140625,0.01,"['/m/09x0r', '/m/0ytgt', '/t/dd00121', '/m/07phxs1', '/m/01z47d']", What is the highest mountain in the world?
30,2.970703125,0.01,"['/m/09x0r', '/m/0ytgt', '/t/dd00121', '/m/07phxs1', '/m/01z47d']", What is the highest mountain in the world?
31,3.10546875,0.01,"['/m/09x0r', '/m/0ytgt', '/t/dd00121', '/m/07phxs1', '/m/01z47d']", What is the highest mountain in the world?
32,3.142578125,0.01,"['/m/09x0r', '/m/0ytgt', '/t/dd00121', '/m/07phxs1', '/m/01z47d']", What is the highest mountain in the world?
33,3.416015625,0.01,"['/m/09x0r', '/m/0ytgt', '/t/dd00121', '/m/07phxs1', '/m/01z47d']", What is the highest mountain in the world?
34,3.1796875,0.01,"['/m/09x0r', '/m/0ytgt', '/t/dd00121', '/m/07phxs1', '/m/01z47d']", What is the highest mountain in the world?
35,3.634765625,0.01,"['/m/09x0r', '/m/0ytgt', '/t/dd00121', '/m/07phxs1', '/m/01z47d']", What is the highest mountain in the world?
36,3.603515625,0.01,"['/m/09x0r', '/m/0ytgt', '/t/dd00121', '/m/07phxs1', '/m/01z47d']", What is the highest mountain in the world?
37,3.79296875,0.01,"['/m/09x0r', '/m/0ytgt', '/t/dd00121', '/m/07phxs1', '/m/01z47d']", What is the highest mountain in the world?
38,3.615234375,0.01,"['/m/09x0r', '/m/0ytgt', '/t/dd00121', '/m/07phxs1', '/m/01z47d']", What is the highest mountain in the world?
39,3.58203125,0.01,"['/m/09x0r', '/m/0ytgt', '/t/dd00121', '/m/07phxs1', '/m/01z47d']", What is the highest mountain in the world?
40,3.22265625,0.01,"['/m/09x0r', '/m/0ytgt', '/t/dd00121', '/m/07phxs1', '/m/01z47d']", What is the highest mountain in the world?
41,3.80078125,0.01,"['/m/09x0r', '/m/0ytgt', '/t/dd00121', '/m/07phxs1', '/m/01z47d']", What is the highest mountain in the world?
42,3.255859375,0.01,"['/m/09x0r', '/m/0ytgt', '/t/dd00121', '/m/07phxs1', '/m/01z47d']", What is the highest mountain in the world?
43,3.65234375,0.01,"['/m/09x0r', '/m/0ytgt', '/t/dd00121', '/m/07phxs1', '/m/01z47d']", What is the highest mountain in the world?
44,3.64453125,0.01,"['/m/09x0r', '/m/0ytgt', '/t/dd00121', '/m/07phxs1', '/m/01z47d']", What is the highest mountain in the world?
45,3.755859375,0.01,"['/m/09x0r', '/m/0ytgt', '/t/dd00121', '/m/07phxs1', '/m/01z47d']", What is the highest mountain in the world?
46,3.494140625,0.01,"['/m/09x0r', '/m/0ytgt', '/t/dd00121', '/m/07phxs1', '/m/01z47d']", What is the highest mountain in the world?
47,3.27734375,0.01,"['/m/09x0r', '/m/0ytgt', '/t/dd00121', '/m/07phxs1', '/m/01z47d']", What is the highest mountain in the world?
48,3.001953125,0.01,"['/m/09x0r', '/m/0ytgt', '/t/dd00121', '/m/07phxs1', '/m/01z47d']", What is the highest mountain in the world?
49,3.81640625,0.01,"['/m/09x0r', '/m/0ytgt', '/t/dd00121', '/m/07phxs1', '/m/01z47d']", What is the highest mountain in the world?
50,3.5625,0.01,"['/m/09x0r', '/m/0ytgt', '/t/dd00121', '/m/07phxs1', '/m/01z47d']", What is the highest mountain in the world?
51,4.63671875,0.01,"['/m/09x0r', '/m/0ytgt', '/t/dd00121', '/m/07phxs1', '/m/01z47d']", What is the highest mountain in the world?
52,3.91015625,0.01,"['/m/09x0r', '/m/0ytgt', '/t/dd00121', '/m/07phxs1', '/m/01z47d']", What is the highest mountain in the world?
53,3.654296875,0.01,"['/m/09x0r', '/m/0ytgt', '/t/dd00121', '/m/07phxs1', '/m/01z47d']", What is the highest mountain in the world?
54,3.603515625,0.01,"['/m/09x0r', '/m/0ytgt', '/t/dd00121', '/m/07phxs1', '/m/01z47d']", What is the highest mountain in the world?
55,2.92578125,0.01,"['/m/09x0r', '/m/0ytgt', '/t/dd00121', '/m/07phxs1', '/m/01z47d']", What is the highest mountain in the world?
56,3.494140625,0.01,"['/m/09x0r', '/m/0ytgt', '/t/dd00121', '/m/07phxs1', '/m/01z47d']", What is the highest mountain in the world?
57,3.125,0.01,"['/m/09x0r', '/m/0ytgt', '/t/dd00121', '/m/07phxs1', '/m/01z47d']", What is the highest mountain in the world?
58,2.783203125,0.01,"['/m/09x0r', '/m/0ytgt', '/t/dd00121', '/m/07phxs1', '/m/01z47d']", What is the highest mountain in the world?
59,2.73828125,0.01,"['/m/09x0r', '/m/0ytgt', '/t/dd00121', '/m/07phxs1', '/m/01z47d']", What is the highest mountain in the world?
60,3.236328125,0.01,"['/m/09x0r', '/m/0ytgt', '/t/dd00121', '/m/07phxs1', '/m/01z47d']", What is the highest mountain in the world?
61,3.412109375,0.01,"['/m/09x0r', '/m/0ytgt', '/t/dd00121', '/m/07phxs1', '/m/01z47d']", What is the highest mountain in the world?
62,3.044921875,0.01,"['/m/09x0r', '/m/0ytgt', '/t/dd00121', '/m/07phxs1', '/m/01z47d']", What is the highest mountain in the world?
63,3.03515625,0.01,"['/m/09x0r', '/m/0ytgt', '/t/dd00121', '/m/07phxs1', '/m/01z47d']", What is the highest mountain in the world?
64,3.43359375,0.01,"['/m/09x0r', '/m/0ytgt', '/t/dd00121', '/m/07phxs1', '/m/01z47d']", What is the highest mountain in the world?
65,4.38671875,0.01,"['/m/09x0r', '/m/0ytgt', '/t/dd00121', '/m/07phxs1', '/m/01z47d']", What is the highest mountain in the world?
66,3.59375,0.01,"['/m/09x0r', '/m/0ytgt', '/t/dd00121', '/m/07phxs1', '/m/01z47d']", What is the highest mountain in the world?
67,3.478515625,0.01,"['/m/09x0r', '/m/0ytgt', '/t/dd00121', '/m/07phxs1', '/m/01z47d']", What is the highest mountain in the world?
68,3.919921875,0.01,"['/m/09x0r', '/m/0ytgt', '/t/dd00121', '/m/07phxs1', '/m/01z47d']", What is the highest mountain in the world?
69,3.353515625,0.01,"['/m/09x0r', '/m/0ytgt', '/t/dd00121', '/m/07phxs1', '/m/01z47d']", What is the highest mountain in the world?
70,3.392578125,0.01,"['/m/09x0r', '/m/0ytgt', '/t/dd00121', '/m/07phxs1', '/m/01z47d']", What is the highest mountain in the world?
71,3.185546875,0.01,"['/m/09x0r', '/m/0ytgt', '/t/dd00121', '/m/07phxs1', '/m/01z47d']", What is the highest mountain in the world?
72,3.99609375,0.01,"['/m/09x0r', '/m/0ytgt', '/t/dd00121', '/m/01z47d', '/m/07phxs1']", What is the highest mountain in the world?
73,3.529296875,0.01,"['/m/09x0r', '/m/0ytgt', '/t/dd00121', '/m/01z47d', '/m/07phxs1']", What is the highest mountain in the world?
74,2.986328125,0.01,"['/m/09x0r', '/m/0ytgt', '/t/dd00121', '/m/01z47d', '/m/07phxs1']", What is the highest mountain in the world?
75,3.26171875,0.01,"['/m/09x0r', '/m/0ytgt', '/t/dd00121', '/m/01z47d', '/m/07phxs1']", What is the highest mountain in the world?
76,3.248046875,0.01,"['/m/09x0r', '/m/0ytgt', '/t/dd00121', '/m/01z47d', '/m/07phxs1']", What is the highest mountain in the world?
77,3.2109375,0.01,"['/m/09x0r', '/m/0ytgt', '/t/dd00121', '/m/01z47d', '/m/07phxs1']", What is the highest mountain in the world?
78,3.248046875,0.01,"['/m/09x0r', '/m/0ytgt', '/t/dd00121', '/m/01z47d', '/m/07phxs1']", What is the highest mountain in the world?
79,3.19921875,0.01,"['/m/09x0r', '/m/0ytgt', '/t/dd00121', '/m/01z47d', '/m/07phxs1']", What is the highest mountain in the world?
80,3.61328125,0.01,"['/m/09x0r', '/m/0ytgt', '/t/dd00121', '/m/01z47d', '/m/07phxs1']", What is the highest mountain in the world?
81,3.48828125,0.01,"['/m/09x0r', '/m/0ytgt', '/t/dd00121', '/m/01z47d', '/m/07phxs1']", What is the highest mountain in the world?
82,3.619140625,0.01,"['/m/09x0r', '/m/0ytgt', '/t/dd00121', '/m/01z47d', '/m/07phxs1']", What is the highest mountain in the world?
83,3.69921875,0.01,"['/m/09x0r', '/m/0ytgt', '/t/dd00121', '/m/01z47d', '/m/07phxs1']", What is the highest mountain in the world?
84,3.7734375,0.01,"['/m/09x0r', '/m/0ytgt', '/t/dd00121', '/m/01z47d', '/m/07phxs1']", What is the highest mountain in the world?
85,2.76953125,0.01,"['/m/09x0r', '/m/0ytgt', '/t/dd00121', '/m/01z47d', '/m/07phxs1']", What is the highest mountain in the world?
86,3.783203125,0.01,"['/m/09x0r', '/m/0ytgt', '/t/dd00121', '/m/01z47d', '/m/07phxs1']", What is the highest mountain in the world?
87,3.48046875,0.01,"['/m/09x0r', '/m/0ytgt', '/t/dd00121', '/m/01z47d', '/m/07phxs1']", What is the highest mountain in the world?
88,3.90234375,0.01,"['/m/09x0r', '/m/0ytgt', '/t/dd00121', '/m/01z47d', '/m/07phxs1']", What is the highest mountain in the world?
89,3.599609375,0.01,"['/m/09x0r', '/m/0ytgt', '/t/dd00121', '/m/01z47d', '/m/07phxs1']", What is the highest mountain in the world?
90,3.140625,0.01,"['/m/09x0r', '/m/0ytgt', '/t/dd00121', '/m/01z47d', '/m/07phxs1']", What is the highest mountain in the world?
91,3.34375,0.01,"['/m/09x0r', '/m/0ytgt', '/t/dd00121', '/m/01z47d', '/m/07phxs1']", What is the highest mountain in the world?
92,4.015625,0.01,"['/m/09x0r', '/m/0ytgt', '/t/dd00121', '/m/01z47d', '/m/07phxs1']", What is the highest mountain in the world?
93,3.46484375,0.01,"['/m/09x0r', '/m/0ytgt', '/t/dd00121', '/m/01z47d', '/m/07phxs1']", What is the highest mountain in the world?
94,3.58203125,0.01,"['/m/09x0r', '/m/0ytgt', '/t/dd00121', '/m/01z47d', '/m/07phxs1']", What is the highest mountain in the world?
95,2.916015625,0.01,"['/m/09x0r', '/m/0ytgt', '/t/dd00121', '/m/01z47d', '/m/07phxs1']", What is the highest mountain in the world?
96,3.306640625,0.01,"['/m/09x0r', '/m/0ytgt', '/t/dd00121', '/m/01z47d', '/m/07phxs1']", What is the highest mountain in the world?
97,3.21484375,0.01,"['/m/09x0r', '/m/0ytgt', '/t/dd00121', '/m/01z47d', '/m/07phxs1']", What is the highest mountain in the world?
98,3.8671875,0.01,"['/m/09x0r', '/m/0ytgt', '/t/dd00121', '/m/01z47d', '/m/07phxs1']", What is the highest mountain in the world?
99,3.181640625,0.01,"['/m/09x0r', '/m/0ytgt', '/t/dd00121', '/m/01z47d', '/m/07phxs1']", What is the highest mountain in the world?
100,2.87109375,0.01,"['/m/09x0r', '/m/0ytgt', '/t/dd00121', '/m/01z47d', '/m/07phxs1']", What is the highest mountain in the world?
101,3.51171875,0.01,"['/m/09x0r', '/m/0ytgt', '/t/dd00121', '/m/01z47d', '/m/07phxs1']", What is the highest mountain in the world?
102,4.25,0.01,"['/m/09x0r', '/m/0ytgt', '/t/dd00121', '/m/01z47d', '/m/07phxs1']", What is the highest mountain in the world?
103,3.20703125,0.01,"['/m/09x0r', '/m/0ytgt', '/t/dd00121', '/m/01z47d', '/m/07phxs1']", What is the highest mountain in the world?
104,3.205078125,0.01,"['/m/09x0r', '/m/0ytgt', '/t/dd00121', '/m/01z47d', '/m/07phxs1']", What is the highest mountain in the world?
105,4.14453125,0.01,"['/m/09x0r', '/m/0ytgt', '/t/dd00121', '/m/01z47d', '/m/07phxs1']", What is the highest mountain in the world?
106,3.58984375,0.01,"['/m/09x0r', '/m/0ytgt', '/t/dd00121', '/m/01z47d', '/m/07phxs1']", What is the highest mountain in the world?
107,3.17578125,0.01,"['/m/09x0r', '/m/0ytgt', '/t/dd00121', '/m/01z47d', '/m/07phxs1']", What is the highest mountain in the world?
108,3.7109375,0.01,"['/m/09x0r', '/m/0ytgt', '/t/dd00121', '/m/01z47d', '/m/07phxs1']", What is the highest mountain in the world?
109,3.55859375,0.01,"['/m/09x0r', '/m/0ytgt', '/t/dd00121', '/m/01z47d', '/m/07phxs1']", What is the highest mountain in the world?
110,3.732421875,0.01,"['/m/09x0r', '/m/0ytgt', '/t/dd00121', '/m/01z47d', '/m/07phxs1']", What is the highest mountain in the world?
111,4.14453125,0.01,"['/m/09x0r', '/m/0ytgt', '/t/dd00121', '/m/01z47d', '/m/07phxs1']", What is the highest mountain in the world?
112,3.646484375,0.01,"['/m/09x0r', '/m/0ytgt', '/t/dd00121', '/m/01z47d', '/m/07phxs1']", What is the highest mountain in the world?
113,3.708984375,0.01,"['/m/09x0r', '/m/0ytgt', '/t/dd00121', '/m/01z47d', '/m/07phxs1']", What is the highest mountain in the world?
114,3.865234375,0.01,"['/m/09x0r', '/m/0ytgt', '/t/dd00121', '/m/01z47d', '/m/07phxs1']", What is the highest mountain in the world?
115,3.21484375,0.01,"['/m/09x0r', '/m/0ytgt', '/t/dd00121', '/m/01z47d', '/m/07phxs1']", What is the highest mountain in the world?
116,3.15234375,0.01,"['/m/09x0r', '/m/0ytgt', '/t/dd00121', '/m/01z47d', '/m/07phxs1']", What is the highest mountain in the world?
117,3.748046875,0.01,"['/m/09x0r', '/m/0ytgt', '/t/dd00121', '/m/01z47d', '/m/07phxs1']", What is the highest mountain in the world?
118,3.337890625,0.01,"['/m/09x0r', '/m/0ytgt', '/t/dd00121', '/m/07phxs1', '/m/01z47d']", What is the highest mountain in the world?
119,3.642578125,0.01,"['/m/09x0r', '/m/0ytgt', '/t/dd00121', '/m/07phxs1', '/m/01z47d']", What is the highest mountain in the world?
120,3.84375,0.01,"['/m/09x0r', '/m/0ytgt', '/t/dd00121', '/m/01z47d', '/m/07phxs1']", What is the highest mountain in the world?
121,3.3671875,0.01,"['/m/09x0r', '/m/0ytgt', '/t/dd00121', '/m/01z47d', '/m/07phxs1']", What is the highest mountain in the world?
122,3.947265625,0.01,"['/m/09x0r', '/m/0ytgt', '/t/dd00121', '/m/01z47d', '/m/07phxs1']", What is the highest mountain in the world?
123,3.205078125,0.01,"['/m/09x0r', '/m/0ytgt', '/t/dd00121', '/m/01z47d', '/m/07phxs1']", What is the highest mountain in the world?
124,3.107421875,0.01,"['/m/09x0r', '/m/0ytgt', '/t/dd00121', '/m/01z47d', '/m/07phxs1']", What is the highest mountain in the world?
125,3.265625,0.01,"['/m/09x0r', '/m/0ytgt', '/t/dd00121', '/m/01z47d', '/m/07phxs1']", What is the highest mountain in the world?
126,3.275390625,0.01,"['/m/09x0r', '/m/0ytgt', '/t/dd00121', '/m/01z47d', '/m/07phxs1']", What is the highest mountain in the world?
127,3.05078125,0.01,"['/m/09x0r', '/m/0ytgt', '/t/dd00121', '/m/01z47d', '/m/07phxs1']", What is the highest mountain in the world?
128,3.35546875,0.01,"['/m/09x0r', '/m/0ytgt', '/t/dd00121', '/m/01z47d', '/m/07phxs1']", What is the highest mountain in the world?
129,3.671875,0.01,"['/m/09x0r', '/m/0ytgt', '/t/dd00121', '/m/01z47d', '/m/07phxs1']", What is the highest mountain in the world?
130,3.669921875,0.01,"['/m/09x0r', '/m/0ytgt', '/t/dd00121', '/m/01z47d', '/m/07phxs1']", What is the highest mountain in the world?
131,3.3828125,0.01,"['/m/09x0r', '/m/0ytgt', '/t/dd00121', '/m/01z47d', '/m/07phxs1']", What is the highest mountain in the world?
132,4.18359375,0.01,"['/m/09x0r', '/m/0ytgt', '/t/dd00121', '/m/01z47d', '/m/07phxs1']", What is the highest mountain in the world?
133,4.3125,0.01,"['/m/09x0r', '/m/0ytgt', '/t/dd00121', '/m/01z47d', '/m/07phxs1']", What is the highest mountain in the world?
134,3.66796875,0.01,"['/m/09x0r', '/m/0ytgt', '/t/dd00121', '/m/01z47d', '/m/07phxs1']", What is the highest mountain in the world?
135,3.736328125,0.01,"['/m/09x0r', '/m/0ytgt', '/t/dd00121', '/m/01z47d', '/m/07phxs1']", What is the highest mountain in the world?
136,3.90625,0.01,"['/m/09x0r', '/m/0ytgt', '/t/dd00121', '/m/01z47d', '/m/07phxs1']", What is the highest mountain in the world?
137,3.912109375,0.01,"['/m/09x0r', '/m/0ytgt', '/t/dd00121', '/m/01z47d', '/m/07phxs1']", What is the highest mountain in the world?
138,3.84375,0.01,"['/m/09x0r', '/m/0ytgt', '/t/dd00121', '/m/01z47d', '/m/07phxs1']", What is the highest mountain in the world?
139,3.705078125,0.01,"['/m/09x0r', '/m/0ytgt', '/t/dd00121', '/m/01z47d', '/m/07phxs1']", What is the highest mountain in the world?
140,3.25,0.01,"['/m/09x0r', '/m/0ytgt', '/t/dd00121', '/m/01z47d', '/m/07phxs1']", What is the highest mountain in the world?
141,3.359375,0.01,"['/m/09x0r', '/m/0ytgt', '/t/dd00121', '/m/01z47d', '/m/07phxs1']", What is the highest mountain in the world?
142,3.15625,0.01,"['/m/09x0r', '/m/0ytgt', '/t/dd00121', '/m/01z47d', '/m/07phxs1']", What is the highest mountain in the world?
143,3.455078125,0.01,"['/m/09x0r', '/m/0ytgt', '/t/dd00121', '/m/01z47d', '/m/07phxs1']", What is the highest mountain in the world?
144,3.951171875,0.01,"['/m/09x0r', '/m/0ytgt', '/t/dd00121', '/m/01z47d', '/m/07phxs1']", What is the highest mountain in the world?
145,3.125,0.01,"['/m/09x0r', '/m/0ytgt', '/t/dd00121', '/m/01z47d', '/m/07phxs1']", What is the highest mountain in the world?
146,3.3828125,0.01,"['/m/09x0r', '/m/0ytgt', '/t/dd00121', '/m/01z47d', '/m/07phxs1']", What is the highest mountain in the world?
147,3.923828125,0.01,"['/m/09x0r', '/m/0ytgt', '/t/dd00121', '/m/01z47d', '/m/07phxs1']", What is the highest mountain in the world?
148,3.568359375,0.01,"['/m/09x0r', '/m/0ytgt', '/t/dd00121', '/m/01z47d', '/m/07phxs1']", What is the highest mountain in the world?
149,3.576171875,0.01,"['/m/09x0r', '/m/0ytgt', '/t/dd00121', '/m/01z47d', '/m/07phxs1']", What is the highest mountain in the world?
150,3.560546875,0.01,"['/m/09x0r', '/m/0ytgt', '/t/dd00121', '/m/01z47d', '/m/07phxs1']", What is the highest mountain in the world?
151,3.390625,0.01,"['/m/09x0r', '/m/0ytgt', '/t/dd00121', '/m/01z47d', '/m/07phxs1']", What is the highest mountain in the world?
152,3.37109375,0.01,"['/m/09x0r', '/m/0ytgt', '/t/dd00121', '/m/01z47d', '/m/07phxs1']", What is the highest mountain in the world?
153,3.01171875,0.01,"['/m/09x0r', '/m/0ytgt', '/t/dd00121', '/m/01z47d', '/m/07phxs1']", What is the highest mountain in the world?
154,3.185546875,0.01,"['/m/09x0r', '/m/0ytgt', '/t/dd00121', '/m/01z47d', '/m/07phxs1']", What is the highest mountain in the world?
155,3.3671875,0.01,"['/m/09x0r', '/m/0ytgt', '/t/dd00121', '/m/01z47d', '/m/07phxs1']", What is the highest mountain in the world?
156,3.158203125,0.01,"['/m/09x0r', '/m/0ytgt', '/t/dd00121', '/m/07phxs1', '/m/01z47d']", What is the highest mountain in the world?
157,3.681640625,0.01,"['/m/09x0r', '/m/0ytgt', '/t/dd00121', '/m/07phxs1', '/m/01z47d']", What is the highest mountain in the world?
158,4.19921875,0.01,"['/m/09x0r', '/m/0ytgt', '/t/dd00121', '/m/07phxs1', '/m/01z47d']", What is the highest mountain in the world?
159,2.8046875,0.01,"['/m/09x0r', '/m/0ytgt', '/t/dd00121', '/m/07phxs1', '/m/01z47d']", What is the highest mountain in the world?
160,3.609375,0.01,"['/m/09x0r', '/m/0ytgt', '/t/dd00121', '/m/07phxs1', '/m/01z47d']", What is the highest mountain in the world?
161,3.1015625,0.01,"['/m/09x0r', '/m/0ytgt', '/t/dd00121', '/m/07phxs1', '/m/01z47d']", What is the highest mountain in the world?
162,3.61328125,0.01,"['/m/09x0r', '/m/0ytgt', '/t/dd00121', '/m/07phxs1', '/m/01z47d']", What is the highest mountain in the world?
163,3.455078125,0.01,"['/m/09x0r', '/m/0ytgt', '/t/dd00121', '/m/07phxs1', '/m/01z47d']", What is the highest mountain in the world?
164,3.244140625,0.01,"['/m/09x0r', '/m/0ytgt', '/t/dd00121', '/m/07phxs1', '/m/01z47d']", What is the highest mountain in the world?
165,3.931640625,0.01,"['/m/09x0r', '/m/0ytgt', '/t/dd00121', '/m/07phxs1', '/m/01z47d']", What is the highest mountain in the world?
166,3.494140625,0.01,"['/m/09x0r', '/m/0ytgt', '/t/dd00121', '/m/07phxs1', '/m/01z47d']", What is the highest mountain in the world?
167,3.396484375,0.01,"['/m/09x0r', '/m/0ytgt', '/t/dd00121', '/m/07phxs1', '/m/01z47d']", What is the highest mountain in the world?
168,3.66015625,0.01,"['/m/09x0r', '/m/0ytgt', '/t/dd00121', '/m/01z47d', '/m/07phxs1']", What is the highest mountain in the world?
169,4.234375,0.01,"['/m/09x0r', '/m/0ytgt', '/t/dd00121', '/m/01z47d', '/m/07phxs1']", What is the highest mountain in the world?
170,4.06640625,0.01,"['/m/09x0r', '/m/0ytgt', '/t/dd00121', '/m/01z47d', '/m/07phxs1']", What is the highest mountain in the world?
171,3.556640625,0.01,"['/m/09x0r', '/m/0ytgt', '/t/dd00121', '/m/01z47d', '/m/07phxs1']", What is the highest mountain in the world?
172,3.658203125,0.01,"['/m/09x0r', '/m/0ytgt', '/t/dd00121', '/m/01z47d', '/m/07phxs1']", What is the highest mountain in the world?
173,3.65625,0.01,"['/m/09x0r', '/m/0ytgt', '/t/dd00121', '/m/01z47d', '/m/07phxs1']", What is the highest mountain in the world?
174,3.384765625,0.01,"['/m/09x0r', '/m/0ytgt', '/t/dd00121', '/m/01z47d', '/m/07phxs1']", What is the highest mountain in the world?
175,2.705078125,0.01,"['/m/09x0r', '/m/0ytgt', '/t/dd00121', '/m/01z47d', '/m/07phxs1']", What is the highest mountain in the world?
176,3.27734375,0.01,"['/m/09x0r', '/m/0ytgt', '/t/dd00121', '/m/01z47d', '/m/07phxs1']", What is the highest mountain in the world?
177,3.96484375,0.01,"['/m/09x0r', '/m/0ytgt', '/t/dd00121', '/m/01z47d', '/m/07phxs1']", What is the highest mountain in the world?
178,3.607421875,0.01,"['/m/09x0r', '/m/0ytgt', '/t/dd00121', '/m/01z47d', '/m/07phxs1']", What is the highest mountain in the world?
179,2.99609375,0.01,"['/m/09x0r', '/m/0ytgt', '/t/dd00121', '/m/01z47d', '/m/07phxs1']", What is the highest mountain in the world?
180,3.140625,0.01,"['/m/09x0r', '/m/0ytgt', '/t/dd00121', '/m/01z47d', '/m/07phxs1']", What is the highest mountain in the world?
181,3.580078125,0.01,"['/m/09x0r', '/m/0ytgt', '/t/dd00121', '/m/01z47d', '/m/07phxs1']", What is the highest mountain in the world?
182,3.294921875,0.01,"['/m/09x0r', '/m/0ytgt', '/t/dd00121', '/m/01z47d', '/m/07phxs1']", What is the highest mountain in the world?
183,3.517578125,0.01,"['/m/09x0r', '/m/0ytgt', '/t/dd00121', '/m/01z47d', '/m/07phxs1']", What is the highest mountain in the world?
184,3.03125,0.01,"['/m/09x0r', '/m/0ytgt', '/t/dd00121', '/m/01z47d', '/m/07phxs1']", What is the highest mountain in the world?
185,3.38671875,0.01,"['/m/09x0r', '/m/0ytgt', '/t/dd00121', '/m/01z47d', '/m/07phxs1']", What is the highest mountain in the world?
186,3.498046875,0.01,"['/m/09x0r', '/m/0ytgt', '/t/dd00121', '/m/01z47d', '/m/07phxs1']", What is the highest mountain in the world?
187,3.720703125,0.01,"['/m/09x0r', '/m/0ytgt', '/t/dd00121', '/m/01z47d', '/m/07phxs1']", What is the highest mountain in the world?
188,3.076171875,0.01,"['/m/09x0r', '/m/0ytgt', '/t/dd00121', '/m/01z47d', '/m/07phxs1']", What is the highest mountain in the world?
189,3.802734375,0.01,"['/m/09x0r', '/m/0ytgt', '/t/dd00121', '/m/01z47d', '/m/07phxs1']", What is the highest mountain in the world?
190,3.58203125,0.01,"['/m/09x0r', '/m/0ytgt', '/t/dd00121', '/m/01z47d', '/m/07phxs1']", What is the highest mountain in the world?
191,3.341796875,0.01,"['/m/09x0r', '/m/0ytgt', '/t/dd00121', '/m/01z47d', '/m/07phxs1']", What is the highest mountain in the world?
192,3.009765625,0.01,"['/m/09x0r', '/m/0ytgt', '/t/dd00121', '/m/01z47d', '/m/07phxs1']", What is the highest mountain in the world?
193,3.755859375,0.01,"['/m/09x0r', '/m/0ytgt', '/t/dd00121', '/m/01z47d', '/m/07phxs1']", What is the highest mountain in the world?
194,3.36328125,0.01,"['/m/09x0r', '/m/0ytgt', '/t/dd00121', '/m/01z47d', '/m/07phxs1']", What is the highest mountain in the world?
195,3.080078125,0.01,"['/m/09x0r', '/m/0ytgt', '/t/dd00121', '/m/01z47d', '/m/07phxs1']", What is the highest mountain in the world?
196,3.55078125,0.01,"['/m/09x0r', '/m/0ytgt', '/t/dd00121', '/m/01z47d', '/m/07phxs1']", What is the highest mountain in the world?
197,2.994140625,0.01,"['/m/09x0r', '/m/0ytgt', '/t/dd00121', '/m/01z47d', '/m/07phxs1']", What is the highest mountain in the world?
198,3.23046875,0.01,"['/m/09x0r', '/m/0ytgt', '/t/dd00121', '/m/01z47d', '/m/07phxs1']", What is the highest mountain in the world?
199,4.0703125,0.01,"['/m/09x0r', '/m/0ytgt', '/t/dd00121', '/m/01z47d', '/m/07phxs1']", What is the highest mountain in the world?
200,3.1953125,0.01,"['/m/09x0r', '/m/0ytgt', '/t/dd00121', '/m/01z47d', '/m/07phxs1']", What is the highest mountain in the world?
201,3.06640625,0.01,"['/m/09x0r', '/m/0ytgt', '/t/dd00121', '/m/01z47d', '/m/07phxs1']", What is the highest mountain in the world?
202,3.744140625,0.01,"['/m/09x0r', '/m/0ytgt', '/t/dd00121', '/m/01z47d', '/m/07phxs1']", What is the highest mountain in the world?
203,3.328125,0.01,"['/m/09x0r', '/m/0ytgt', '/t/dd00121', '/m/01z47d', '/m/07phxs1']", What is the highest mountain in the world?
204,3.349609375,0.01,"['/m/09x0r', '/m/0ytgt', '/t/dd00121', '/m/01z47d', '/m/07phxs1']", What is the highest mountain in the world?
205,2.61328125,0.01,"['/m/09x0r', '/m/0ytgt', '/t/dd00121', '/m/01z47d', '/m/07phxs1']", What is the highest mountain in the world?
206,3.54296875,0.01,"['/m/09x0r', '/m/0ytgt', '/t/dd00121', '/m/01z47d', '/m/07phxs1']", What is the highest mountain in the world?
207,3.255859375,0.01,"['/m/09x0r', '/m/0ytgt', '/t/dd00121', '/m/01z47d', '/m/07phxs1']", What is the highest mountain in the world?
208,3.427734375,0.01,"['/m/09x0r', '/m/0ytgt', '/t/dd00121', '/m/01z47d', '/m/07phxs1']", What is the highest mountain in the world?
209,3.802734375,0.01,"['/m/09x0r', '/m/0ytgt', '/t/dd00121', '/m/01z47d', '/m/07phxs1']", What is the highest mountain in the world?
210,3.8125,0.01,"['/m/09x0r', '/m/0ytgt', '/t/dd00121', '/m/01z47d', '/m/07phxs1']", What is the highest mountain in the world?
211,3.392578125,0.01,"['/m/09x0r', '/m/0ytgt', '/t/dd00121', '/m/01z47d', '/m/07phxs1']", What is the highest mountain in the world?
212,3.501953125,0.01,"['/m/09x0r', '/m/0ytgt', '/t/dd00121', '/m/01z47d', '/m/07phxs1']", What is the highest mountain in the world?
213,3.37890625,0.01,"['/m/09x0r', '/m/0ytgt', '/t/dd00121', '/m/01z47d', '/m/07phxs1']", What is the highest mountain in the world?
214,3.57421875,0.01,"['/m/09x0r', '/m/0ytgt', '/t/dd00121', '/m/01z47d', '/m/07phxs1']", What is the highest mountain in the world?
215,3.65625,0.01,"['/m/09x0r', '/m/0ytgt', '/t/dd00121', '/m/01z47d', '/m/07phxs1']", What is the highest mountain in the world?
216,3.767578125,0.01,"['/m/09x0r', '/m/0ytgt', '/t/dd00121', '/m/01z47d', '/m/07phxs1']", What is the highest mountain in the world?
217,3.861328125,0.01,"['/m/09x0r', '/m/0ytgt', '/t/dd00121', '/m/01z47d', '/m/07phxs1']", What is the highest mountain in the world?
218,3.501953125,0.01,"['/m/09x0r', '/m/0ytgt', '/t/dd00121', '/m/01z47d', '/m/07phxs1']", What is the highest mountain in the world?
219,3.87890625,0.01,"['/m/09x0r', '/m/0ytgt', '/t/dd00121', '/m/01z47d', '/m/07phxs1']", What is the highest mountain in the world?
220,3.509765625,0.01,"['/m/09x0r', '/m/0ytgt', '/t/dd00121', '/m/01z47d', '/m/07phxs1']", What is the highest mountain in the world?
221,3.33984375,0.01,"['/m/09x0r', '/m/0ytgt', '/t/dd00121', '/m/01z47d', '/m/07phxs1']", What is the highest mountain in the world?
222,3.27734375,0.01,"['/m/09x0r', '/m/0ytgt', '/t/dd00121', '/m/01z47d', '/m/07phxs1']", What is the highest mountain in the world?
223,3.3125,0.01,"['/m/09x0r', '/m/0ytgt', '/t/dd00121', '/m/01z47d', '/m/07phxs1']", What is the highest mountain in the world?
224,3.904296875,0.01,"['/m/09x0r', '/m/0ytgt', '/t/dd00121', '/m/01z47d', '/m/07phxs1']", What is the highest mountain in the world?
225,3.576171875,0.01,"['/m/09x0r', '/m/0ytgt', '/t/dd00121', '/m/01z47d', '/m/07phxs1']", What is the highest mountain in the world?
226,4.07421875,0.01,"['/m/09x0r', '/m/0ytgt', '/t/dd00121', '/m/07phxs1', '/m/01z47d']", What is the highest mountain in the world?
227,3.33203125,0.01,"['/m/09x0r', '/m/0ytgt', '/t/dd00121', '/m/07phxs1', '/m/01z47d']", What is the highest mountain in the world?
228,4.02734375,0.01,"['/m/09x0r', '/m/0ytgt', '/t/dd00121', '/m/07phxs1', '/m/01z47d']", What is the highest mountain in the world?
229,3.970703125,0.01,"['/m/09x0r', '/m/0ytgt', '/t/dd00121', '/m/07phxs1', '/m/01z47d']", What is the highest mountain in the world?
230,3.69921875,0.01,"['/m/09x0r', '/m/0ytgt', '/t/dd00121', '/m/07phxs1', '/m/01z47d']", What is the highest mountain in the world?
231,3.376953125,0.01,"['/m/09x0r', '/m/0ytgt', '/t/dd00121', '/m/07phxs1', '/m/01z47d']", What is the highest mountain in the world?
232,2.70703125,0.01,"['/m/09x0r', '/m/0ytgt', '/t/dd00121', '/m/07phxs1', '/m/01z47d']", What is the highest mountain in the world?
233,3.158203125,0.01,"['/m/09x0r', '/m/0ytgt', '/t/dd00121', '/m/07phxs1', '/m/01z47d']", What is the highest mountain in the world?
234,3.814453125,0.01,"['/m/09x0r', '/m/0ytgt', '/t/dd00121', '/m/07phxs1', '/m/01z47d']", What is the highest mountain in the world?
235,3.01953125,0.01,"['/m/09x0r', '/m/0ytgt', '/t/dd00121', '/m/07phxs1', '/m/01z47d']", What is the highest mountain in the world?
236,4.15625,0.01,"['/m/09x0r', '/m/0ytgt', '/t/dd00121', '/m/07phxs1', '/m/01z47d']", What is the highest mountain in the world?
237,3.18359375,0.01,"['/m/09x0r', '/m/0ytgt', '/t/dd00121', '/m/07phxs1', '/m/01z47d']", What is the highest mountain in the world?
238,3.8203125,0.01,"['/m/09x0r', '/m/0ytgt', '/t/dd00121', '/m/07phxs1', '/m/01z47d']", What is the highest mountain in the world?
239,3.150390625,0.01,"['/m/09x0r', '/m/0ytgt', '/t/dd00121', '/m/07phxs1', '/m/01z47d']", What is the highest mountain in the world?
240,3.857421875,0.01,"['/m/09x0r', '/m/0ytgt', '/t/dd00121', '/m/07phxs1', '/m/01z47d']", What is the highest mountain in the world?
241,4.015625,0.01,"['/m/09x0r', '/m/0ytgt', '/t/dd00121', '/m/07phxs1', '/m/01z47d']", What is the highest mountain in the world?
242,3.607421875,0.01,"['/m/09x0r', '/m/0ytgt', '/t/dd00121', '/m/07phxs1', '/m/01z47d']", What is the highest mountain in the world?
243,3.052734375,0.01,"['/m/09x0r', '/m/0ytgt', '/t/dd00121', '/m/07phxs1', '/m/01z47d']", What is the highest mountain in the world?
244,4.09765625,0.01,"['/m/09x0r', '/m/0ytgt', '/t/dd00121', '/m/07phxs1', '/m/01z47d']", What is the highest mountain in the world?
245,3.587890625,0.01,"['/m/09x0r', '/m/0ytgt', '/t/dd00121', '/m/07phxs1', '/m/01z47d']", What is the highest mountain in the world?
246,3.744140625,0.01,"['/m/09x0r', '/m/0ytgt', '/t/dd00121', '/m/07phxs1', '/m/01z47d']", What is the highest mountain in the world?
247,4.45703125,0.01,"['/m/09x0r', '/m/0ytgt', '/t/dd00121', '/m/07phxs1', '/m/01z47d']", What is the highest mountain in the world?
248,3.775390625,0.01,"['/m/09x0r', '/m/0ytgt', '/t/dd00121', '/m/07phxs1', '/m/01z47d']", What is the highest mountain in the world?
249,3.673828125,0.01,"['/m/09x0r', '/m/0ytgt', '/t/dd00121', '/m/07phxs1', '/m/01z47d']", What is the highest mountain in the world?
250,3.6328125,0.01,"['/m/09x0r', '/m/0ytgt', '/t/dd00121', '/m/07phxs1', '/m/01z47d']", What is the highest mountain in the world?
251,3.669921875,0.01,"['/m/09x0r', '/m/0ytgt', '/t/dd00121', '/m/07phxs1', '/m/01z47d']", What is the highest mountain in the world?
252,3.185546875,0.01,"['/m/09x0r', '/m/0ytgt', '/t/dd00121', '/m/07phxs1', '/m/01z47d']", What is the highest mountain in the world?
253,4.41796875,0.01,"['/m/09x0r', '/m/0ytgt', '/t/dd00121', '/m/07phxs1', '/m/01z47d']", What is the highest mountain in the world?
254,3.111328125,0.01,"['/m/09x0r', '/m/0ytgt', '/t/dd00121', '/m/07phxs1', '/m/01z47d']", What is the highest mountain in the world?
255,3.037109375,0.01,"['/m/09x0r', '/m/0ytgt', '/t/dd00121', '/m/07phxs1', '/m/01z47d']", What is the highest mountain in the world?
256,3.951171875,0.01,"['/m/09x0r', '/m/0ytgt', '/t/dd00121', '/m/07phxs1', '/m/01z47d']", What is the highest mountain in the world?
257,3.09375,0.01,"['/m/09x0r', '/m/0ytgt', '/t/dd00121', '/m/07phxs1', '/m/01z47d']", What is the highest mountain in the world?
258,3.080078125,0.01,"['/m/09x0r', '/m/0ytgt', '/t/dd00121', '/m/07phxs1', '/m/01z47d']", What is the highest mountain in the world?
259,3.65625,0.01,"['/m/09x0r', '/m/0ytgt', '/t/dd00121', '/m/07phxs1', '/m/01z47d']", What is the highest mountain in the world?
260,3.68359375,0.01,"['/m/09x0r', '/m/0ytgt', '/t/dd00121', '/m/07phxs1', '/m/01z47d']", What is the highest mountain in the world?
261,3.59375,0.01,"['/m/09x0r', '/m/0ytgt', '/t/dd00121', '/m/07phxs1', '/m/01z47d']", What is the highest mountain in the world?
262,3.376953125,0.01,"['/m/09x0r', '/m/0ytgt', '/t/dd00121', '/m/07phxs1', '/m/01z47d']", What is the highest mountain in the world?
263,3.84765625,0.01,"['/m/09x0r', '/m/0ytgt', '/t/dd00121', '/m/07phxs1', '/m/01z47d']", What is the highest mountain in the world?
264,3.115234375,0.01,"['/m/09x0r', '/m/0ytgt', '/t/dd00121', '/m/07phxs1', '/m/01z47d']", What is the highest mountain in the world?
265,3.53515625,0.01,"['/m/09x0r', '/m/0ytgt', '/t/dd00121', '/m/07phxs1', '/m/01z47d']", What is the highest mountain in the world?
266,3.5234375,0.01,"['/m/09x0r', '/m/0ytgt', '/t/dd00121', '/m/07phxs1', '/m/01z47d']", What is the highest mountain in the world?
267,2.609375,0.01,"['/m/09x0r', '/m/0ytgt', '/t/dd00121', '/m/07phxs1', '/m/01z47d']", What is the highest mountain in the world?
268,3.412109375,0.01,"['/m/09x0r', '/m/0ytgt', '/t/dd00121', '/m/07phxs1', '/m/01z47d']", What is the highest mountain in the world?
269,3.25,0.01,"['/m/09x0r', '/m/0ytgt', '/t/dd00121', '/m/07phxs1', '/m/01z47d']", What is the highest mountain in the world?
270,4.3203125,0.01,"['/m/09x0r', '/m/0ytgt', '/t/dd00121', '/m/07phxs1', '/m/01z47d']", What is the highest mountain in the world?
271,3.912109375,0.01,"['/m/09x0r', '/m/0ytgt', '/t/dd00121', '/m/07phxs1', '/m/01z47d']", What is the highest mountain in the world?
272,3.732421875,0.01,"['/m/09x0r', '/m/0ytgt', '/t/dd00121', '/m/07phxs1', '/m/01z47d']", What is the highest mountain in the world?
273,3.0859375,0.01,"['/m/09x0r', '/m/0ytgt', '/t/dd00121', '/m/07phxs1', '/m/01z47d']", What is the highest mountain in the world?
274,3.6796875,0.01,"['/m/09x0r', '/m/0ytgt', '/t/dd00121', '/m/07phxs1', '/m/01z47d']", What is the highest mountain in the world?
275,3.134765625,0.01,"['/m/09x0r', '/m/0ytgt', '/t/dd00121', '/m/07phxs1', '/m/01z47d']", What is the highest mountain in the world?
276,3.3046875,0.01,"['/m/09x0r', '/m/0ytgt', '/t/dd00121', '/m/07phxs1', '/m/01z47d']", What is the highest mountain in the world?
277,3.759765625,0.01,"['/m/09x0r', '/m/0ytgt', '/t/dd00121', '/m/07phxs1', '/m/01z47d']", What is the highest mountain in the world?
278,4.16015625,0.01,"['/m/09x0r', '/m/0ytgt', '/t/dd00121', '/m/07phxs1', '/m/01z47d']", What is the highest mountain in the world?
279,2.916015625,0.01,"['/m/09x0r', '/m/0ytgt', '/t/dd00121', '/m/07phxs1', '/m/01z47d']", What is the highest mountain in the world?
280,3.201171875,0.01,"['/m/09x0r', '/m/0ytgt', '/t/dd00121', '/m/07phxs1', '/m/01z47d']", What is the highest mountain in the world?
281,3.216796875,0.01,"['/m/09x0r', '/m/0ytgt', '/t/dd00121', '/m/07phxs1', '/m/01z47d']", What is the highest mountain in the world?
282,3.658203125,0.01,"['/m/09x0r', '/m/0ytgt', '/t/dd00121', '/m/07phxs1', '/m/01z47d']", What is the highest mountain in the world?
283,4.12890625,0.01,"['/m/09x0r', '/m/0ytgt', '/t/dd00121', '/m/07phxs1', '/m/01z47d']", What is the highest mountain in the world?
284,4.0078125,0.01,"['/m/09x0r', '/m/0ytgt', '/t/dd00121', '/m/07phxs1', '/m/01z47d']", What is the highest mountain in the world?
285,3.8515625,0.01,"['/m/09x0r', '/m/0ytgt', '/t/dd00121', '/m/07phxs1', '/m/01z47d']", What is the highest mountain in the world?
286,3.29296875,0.01,"['/m/09x0r', '/m/0ytgt', '/t/dd00121', '/m/07phxs1', '/m/01z47d']", What is the highest mountain in the world?
287,3.3828125,0.01,"['/m/09x0r', '/m/0ytgt', '/t/dd00121', '/m/07phxs1', '/m/01z47d']", What is the highest mountain in the world?
288,2.97265625,0.01,"['/m/09x0r', '/m/0ytgt', '/t/dd00121', '/m/07phxs1', '/m/01z47d']", What is the highest mountain in the world?
289,3.05078125,0.01,"['/m/09x0r', '/m/0ytgt', '/t/dd00121', '/m/07phxs1', '/m/01z47d']", What is the highest mountain in the world?
290,3.267578125,0.01,"['/m/09x0r', '/m/0ytgt', '/t/dd00121', '/m/07phxs1', '/m/01z47d']", What is the highest mountain in the world?
291,3.21484375,0.01,"['/m/09x0r', '/m/0ytgt', '/t/dd00121', '/m/07phxs1', '/m/01z47d']", What is the highest mountain in the world?
292,3.099609375,0.01,"['/m/09x0r', '/m/0ytgt', '/t/dd00121', '/m/07phxs1', '/m/01z47d']", What is the highest mountain in the world?
293,3.5546875,0.01,"['/m/09x0r', '/m/0ytgt', '/t/dd00121', '/m/07phxs1', '/m/01z47d']", What is the highest mountain in the world?
294,3.1953125,0.01,"['/m/09x0r', '/m/0ytgt', '/t/dd00121', '/m/07phxs1', '/m/01z47d']", What is the highest mountain in the world?
295,2.974609375,0.01,"['/m/09x0r', '/m/0ytgt', '/t/dd00121', '/m/07phxs1', '/m/01z47d']", What is the highest mountain in the world?
296,3.46875,0.01,"['/m/09x0r', '/m/0ytgt', '/t/dd00121', '/m/07phxs1', '/m/01z47d']", What is the highest mountain in the world?
297,3.44140625,0.01,"['/m/09x0r', '/m/0ytgt', '/t/dd00121', '/m/07phxs1', '/m/01z47d']", What is the highest mountain in the world?
298,3.287109375,0.01,"['/m/09x0r', '/m/0ytgt', '/t/dd00121', '/m/07phxs1', '/m/01z47d']", What is the highest mountain in the world?
299,4.00390625,0.01,"['/m/09x0r', '/m/0ytgt', '/t/dd00121', '/m/07phxs1', '/m/01z47d']", What is the highest mountain in the world?
300,3.48828125,0.01,"['/m/09x0r', '/m/0ytgt', '/t/dd00121', '/m/07phxs1', '/m/01z47d']", What is the highest mountain in the world?
301,4.125,0.01,"['/m/09x0r', '/m/0ytgt', '/t/dd00121', '/m/07phxs1', '/m/01z47d']", What is the highest mountain in the world?
302,3.396484375,0.01,"['/m/09x0r', '/m/0ytgt', '/t/dd00121', '/m/07phxs1', '/m/01z47d']", What is the highest mountain in the world?
303,3.08984375,0.01,"['/m/09x0r', '/m/0ytgt', '/t/dd00121', '/m/07phxs1', '/m/01z47d']", What is the highest mountain in the world?
304,3.427734375,0.01,"['/m/09x0r', '/m/0ytgt', '/t/dd00121', '/m/07phxs1', '/m/01z47d']", What is the highest mountain in the world?
305,3.80078125,0.01,"['/m/09x0r', '/m/0ytgt', '/t/dd00121', '/m/07phxs1', '/m/01z47d']", What is the highest mountain in the world?
306,3.29296875,0.01,"['/m/09x0r', '/m/0ytgt', '/t/dd00121', '/m/07phxs1', '/m/01z47d']", What is the highest mountain in the world?
307,3.98046875,0.01,"['/m/09x0r', '/m/0ytgt', '/t/dd00121', '/m/07phxs1', '/m/01z47d']", What is the highest mountain in the world?
308,3.646484375,0.01,"['/m/09x0r', '/m/0ytgt', '/t/dd00121', '/m/07phxs1', '/m/01z47d']", What is the highest mountain in the world?
309,3.13671875,0.01,"['/m/09x0r', '/m/0ytgt', '/t/dd00121', '/m/07phxs1', '/m/01z47d']", What is the highest mountain in the world?
310,4.30078125,0.01,"['/m/09x0r', '/m/0ytgt', '/t/dd00121', '/m/07phxs1', '/m/01z47d']", What is the highest mountain in the world?
311,3.421875,0.01,"['/m/09x0r', '/m/0ytgt', '/t/dd00121', '/m/07phxs1', '/m/01z47d']", What is the highest mountain in the world?
312,3.306640625,0.01,"['/m/09x0r', '/m/0ytgt', '/t/dd00121', '/m/07phxs1', '/m/01z47d']", What is the highest mountain in the world?
313,3.56640625,0.01,"['/m/09x0r', '/m/0ytgt', '/t/dd00121', '/m/07phxs1', '/m/01z47d']", What is the highest mountain in the world?
314,3.185546875,0.01,"['/m/09x0r', '/m/0ytgt', '/t/dd00121', '/m/07phxs1', '/m/01z47d']", What is the highest mountain in the world?
315,2.90234375,0.01,"['/m/09x0r', '/m/0ytgt', '/t/dd00121', '/m/07phxs1', '/m/01z47d']", What is the highest mountain in the world?
316,3.4921875,0.01,"['/m/09x0r', '/m/0ytgt', '/t/dd00121', '/m/07phxs1', '/m/01z47d']", What is the highest mountain in the world?
317,3.2265625,0.01,"['/m/09x0r', '/m/0ytgt', '/t/dd00121', '/m/07phxs1', '/m/01z47d']", What is the highest mountain in the world?
318,3.66015625,0.01,"['/m/09x0r', '/m/0ytgt', '/t/dd00121', '/m/07phxs1', '/m/01z47d']", What is the highest mountain in the world?
319,2.826171875,0.01,"['/m/09x0r', '/m/0ytgt', '/t/dd00121', '/m/07phxs1', '/m/01z47d']", What is the highest mountain in the world?
320,3.36328125,0.01,"['/m/09x0r', '/m/0ytgt', '/t/dd00121', '/m/07phxs1', '/m/01z47d']", What is the highest mountain in the world?
321,3.708984375,0.01,"['/m/09x0r', '/m/0ytgt', '/t/dd00121', '/m/07phxs1', '/m/01z47d']", What is the highest mountain in the world?
322,3.701171875,0.01,"['/m/09x0r', '/m/0ytgt', '/t/dd00121', '/m/07phxs1', '/m/01z47d']", What is the highest mountain in the world?
323,3.212890625,0.01,"['/m/09x0r', '/m/0ytgt', '/t/dd00121', '/m/07phxs1', '/m/01z47d']", What is the highest mountain in the world?
324,3.5546875,0.01,"['/m/09x0r', '/m/0ytgt', '/t/dd00121', '/m/07phxs1', '/m/01z47d']", What is the highest mountain in the world?
325,4.20703125,0.01,"['/m/09x0r', '/m/0ytgt', '/t/dd00121', '/m/07phxs1', '/m/01z47d']", What is the highest mountain in the world?
326,3.27734375,0.01,"['/m/09x0r', '/m/0ytgt', '/t/dd00121', '/m/07phxs1', '/m/01z47d']", What is the highest mountain in the world?
327,2.978515625,0.01,"['/m/09x0r', '/m/0ytgt', '/t/dd00121', '/m/07phxs1', '/m/01z47d']", What is the highest mountain in the world?
328,3.572265625,0.01,"['/m/09x0r', '/m/0ytgt', '/t/dd00121', '/m/07phxs1', '/m/01z47d']", What is the highest mountain in the world?
329,3.849609375,0.01,"['/m/09x0r', '/m/0ytgt', '/t/dd00121', '/m/07phxs1', '/m/01z47d']", What is the highest mountain in the world?
330,3.0859375,0.01,"['/m/09x0r', '/m/0ytgt', '/t/dd00121', '/m/07phxs1', '/m/01z47d']", What is the highest mountain in the world?
331,3.6640625,0.01,"['/m/09x0r', '/m/0ytgt', '/t/dd00121', '/m/07phxs1', '/m/01z47d']", What is the highest mountain in the world?
332,3.61328125,0.01,"['/m/09x0r', '/m/0ytgt', '/t/dd00121', '/m/07phxs1', '/m/01z47d']", What is the highest mountain in the world?
333,3.580078125,0.01,"['/m/09x0r', '/m/0ytgt', '/t/dd00121', '/m/07phxs1', '/m/01z47d']", What is the highest mountain in the world?
334,3.41796875,0.01,"['/m/09x0r', '/m/0ytgt', '/t/dd00121', '/m/07phxs1', '/m/01z47d']", What is the highest mountain in the world?
335,3.46484375,0.01,"['/m/09x0r', '/m/0ytgt', '/t/dd00121', '/m/07phxs1', '/m/01z47d']", What is the highest mountain in the world?
336,3.359375,0.01,"['/m/09x0r', '/m/0ytgt', '/t/dd00121', '/m/07phxs1', '/m/01z47d']", What is the highest mountain in the world?
337,3.220703125,0.01,"['/m/09x0r', '/m/0ytgt', '/t/dd00121', '/m/07phxs1', '/m/01z47d']", What is the highest mountain in the world?
338,2.96484375,0.01,"['/m/09x0r', '/m/0ytgt', '/t/dd00121', '/m/07phxs1', '/m/01z47d']", What is the highest mountain in the world?
339,2.74609375,0.01,"['/m/09x0r', '/m/0ytgt', '/t/dd00121', '/m/07phxs1', '/m/01z47d']", What is the highest mountain in the world?
340,3.69140625,0.01,"['/m/09x0r', '/m/0ytgt', '/t/dd00121', '/m/07phxs1', '/m/01z47d']", What is the highest mountain in the world?
341,3.0390625,0.01,"['/m/09x0r', '/m/0ytgt', '/t/dd00121', '/m/07phxs1', '/m/01z47d']", What is the highest mountain in the world?
342,3.09765625,0.01,"['/m/09x0r', '/m/0ytgt', '/t/dd00121', '/m/07phxs1', '/m/01z47d']", What is the highest mountain in the world?
343,3.6875,0.01,"['/m/09x0r', '/m/0ytgt', '/t/dd00121', '/m/07phxs1', '/m/01z47d']", What is the highest mountain in the world?
344,3.103515625,0.01,"['/m/09x0r', '/m/0ytgt', '/t/dd00121', '/m/07phxs1', '/m/01z47d']", What is the highest mountain in the world?
345,3.2890625,0.01,"['/m/09x0r', '/m/0ytgt', '/t/dd00121', '/m/07phxs1', '/m/01z47d']", What is the highest mountain in the world?
346,3.580078125,0.01,"['/m/09x0r', '/m/0ytgt', '/t/dd00121', '/m/07phxs1', '/m/01z47d']", What is the highest mountain in the world?
347,3.77734375,0.01,"['/m/09x0r', '/m/0ytgt', '/t/dd00121', '/m/01z47d', '/m/07phxs1']", What is the highest mountain in the world?
348,3.6328125,0.01,"['/m/09x0r', '/m/0ytgt', '/t/dd00121', '/m/01z47d', '/m/07phxs1']", What is the highest mountain in the world?
349,3.185546875,0.01,"['/m/09x0r', '/m/0ytgt', '/t/dd00121', '/m/01z47d', '/m/07phxs1']", What is the highest mountain in the world?
350,4.0390625,0.01,"['/m/09x0r', '/m/0ytgt', '/t/dd00121', '/m/01z47d', '/m/07phxs1']", What is the highest mountain in the world?
351,3.42578125,0.01,"['/m/09x0r', '/m/0ytgt', '/t/dd00121', '/m/08p9q4', '/m/01z47d']", What is the highest mountain in the world?
352,3.52734375,0.01,"['/m/09x0r', '/m/0ytgt', '/t/dd00121', '/m/08p9q4', '/m/01z47d']", What is the highest mountain in the world?
353,3.330078125,0.01,"['/m/09x0r', '/m/0ytgt', '/t/dd00121', '/m/08p9q4', '/m/01z47d']", What is the highest mountain in the world?
354,3.36328125,0.01,"['/m/09x0r', '/m/0ytgt', '/t/dd00121', '/m/08p9q4', '/m/01z47d']", What is the highest mountain in the world?
355,3.4375,0.01,"['/m/09x0r', '/m/0ytgt', '/t/dd00121', '/m/08p9q4', '/m/01z47d']", What is the highest mountain in the world?
356,2.84765625,0.01,"['/m/09x0r', '/m/0ytgt', '/t/dd00121', '/m/08p9q4', '/m/01z47d']", What is the highest mountain in the world?
357,4.26171875,0.01,"['/m/09x0r', '/m/0ytgt', '/t/dd00121', '/m/08p9q4', '/m/01z47d']", What is the highest mountain in the world?
358,3.40625,0.01,"['/m/09x0r', '/m/0ytgt', '/t/dd00121', '/m/08p9q4', '/m/01z47d']", What is the highest mountain in the world?
359,3.67578125,0.01,"['/m/09x0r', '/m/0ytgt', '/t/dd00121', '/m/08p9q4', '/m/01z47d']", What is the highest mountain in the world?
360,3.75,0.01,"['/m/09x0r', '/m/0ytgt', '/t/dd00121', '/m/08p9q4', '/m/01z47d']", What is the highest mountain in the world?
361,4.27734375,0.01,"['/m/09x0r', '/m/0ytgt', '/t/dd00121', '/m/08p9q4', '/m/01z47d']", What is the highest mountain in the world?
362,3.451171875,0.01,"['/m/09x0r', '/m/0ytgt', '/t/dd00121', '/m/08p9q4', '/m/01z47d']", What is the highest mountain in the world?
363,3.453125,0.01,"['/m/09x0r', '/m/0ytgt', '/t/dd00121', '/m/08p9q4', '/m/01z47d']", What is the highest mountain in the world?
364,3.55078125,0.01,"['/m/09x0r', '/m/0ytgt', '/t/dd00121', '/m/08p9q4', '/m/01z47d']", What is the highest mountain in the world?
365,3.763671875,0.01,"['/m/09x0r', '/m/0ytgt', '/t/dd00121', '/m/08p9q4', '/m/01z47d']", What is the highest mountain in the world?
366,4.0546875,0.01,"['/m/09x0r', '/m/0ytgt', '/t/dd00121', '/m/08p9q4', '/m/01z47d']", What is the highest mountain in the world?
367,3.375,0.01,"['/m/09x0r', '/m/0ytgt', '/t/dd00121', '/m/08p9q4', '/m/01z47d']", What is the highest mountain in the world?
368,3.24609375,0.01,"['/m/09x0r', '/m/0ytgt', '/t/dd00121', '/m/08p9q4', '/m/01z47d']", What is the highest mountain in the world?
369,3.697265625,0.01,"['/m/09x0r', '/m/0ytgt', '/t/dd00121', '/m/08p9q4', '/m/01z47d']", What is the highest mountain in the world?
370,3.974609375,0.01,"['/m/09x0r', '/m/0ytgt', '/t/dd00121', '/m/08p9q4', '/m/01z47d']", What is the highest mountain in the world?
371,4.18359375,0.01,"['/m/09x0r', '/m/0ytgt', '/t/dd00121', '/m/08p9q4', '/m/01z47d']", What is the highest mountain in the world?
372,3.755859375,0.01,"['/m/09x0r', '/m/0ytgt', '/t/dd00121', '/m/08p9q4', '/m/01z47d']", What is the highest mountain in the world?
373,3.33984375,0.01,"['/m/09x0r', '/m/0ytgt', '/t/dd00121', '/m/08p9q4', '/m/01z47d']", What is the highest mountain in the world?
374,4.13671875,0.01,"['/m/09x0r', '/m/0ytgt', '/t/dd00121', '/m/08p9q4', '/m/01z47d']", What is the highest mountain in the world?
375,3.12109375,0.01,"['/m/09x0r', '/m/0ytgt', '/t/dd00121', '/m/08p9q4', '/m/01z47d']", What is the highest mountain in the world?
376,3.4140625,0.01,"['/m/09x0r', '/m/0ytgt', '/t/dd00121', '/m/08p9q4', '/m/01z47d']", What is the highest mountain in the world?
377,3.6875,0.01,"['/m/09x0r', '/m/0ytgt', '/t/dd00121', '/m/08p9q4', '/m/01z47d']", What is the highest mountain in the world?
378,3.740234375,0.01,"['/m/09x0r', '/m/0ytgt', '/t/dd00121', '/m/08p9q4', '/m/01z47d']", What is the highest mountain in the world?
379,3.66015625,0.01,"['/m/09x0r', '/m/0ytgt', '/t/dd00121', '/m/08p9q4', '/m/01z47d']", What is the highest mountain in the world?
380,3.345703125,0.01,"['/m/09x0r', '/m/0ytgt', '/t/dd00121', '/m/08p9q4', '/m/01z47d']", What is the highest mountain in the world?
381,3.45703125,0.01,"['/m/09x0r', '/m/0ytgt', '/t/dd00121', '/m/08p9q4', '/m/01z47d']", What is the highest mountain in the world?
382,3.044921875,0.01,"['/m/09x0r', '/m/0ytgt', '/t/dd00121', '/m/08p9q4', '/m/01z47d']", What is the highest mountain in the world?
383,3.607421875,0.01,"['/m/09x0r', '/m/0ytgt', '/t/dd00121', '/m/08p9q4', '/m/01z47d']", What is the highest mountain in the world?
384,4.18359375,0.01,"['/m/09x0r', '/m/0ytgt', '/t/dd00121', '/m/08p9q4', '/m/01z47d']", What is the highest mountain in the world?
385,3.21484375,0.01,"['/m/09x0r', '/m/0ytgt', '/t/dd00121', '/m/08p9q4', '/m/01z47d']", What is the highest mountain in the world?
386,3.919921875,0.01,"['/m/09x0r', '/m/0ytgt', '/t/dd00121', '/m/08p9q4', '/m/01z47d']", What is the highest mountain in the world?
387,3.423828125,0.01,"['/m/09x0r', '/m/0ytgt', '/t/dd00121', '/m/08p9q4', '/m/01z47d']", What is the highest mountain in the world?
388,3.873046875,0.01,"['/m/09x0r', '/m/0ytgt', '/t/dd00121', '/m/08p9q4', '/m/01z47d']", What is the highest mountain in the world?
389,3.146484375,0.01,"['/m/09x0r', '/m/0ytgt', '/t/dd00121', '/m/08p9q4', '/m/01z47d']", What is the highest mountain in the world?
390,3.279296875,0.01,"['/m/09x0r', '/m/0ytgt', '/t/dd00121', '/m/08p9q4', '/m/01z47d']", What is the highest mountain in the world?
391,3.51171875,0.01,"['/m/09x0r', '/m/0ytgt', '/t/dd00121', '/m/08p9q4', '/m/01z47d']", What is the highest mountain in the world?
392,3.763671875,0.01,"['/m/09x0r', '/m/0ytgt', '/t/dd00121', '/m/08p9q4', '/m/01z47d']", What is the highest mountain in the world?
393,3.55078125,0.01,"['/m/09x0r', '/m/0ytgt', '/t/dd00121', '/m/08p9q4', '/m/01z47d']", What is the highest mountain in the world?
394,3.046875,0.01,"['/m/09x0r', '/m/0ytgt', '/t/dd00121', '/m/08p9q4', '/m/01z47d']", What is the highest mountain in the world?
395,3.78515625,0.01,"['/m/09x0r', '/m/0ytgt', '/t/dd00121', '/m/08p9q4', '/m/01z47d']", What is the highest mountain in the world?
396,4.23046875,0.01,"['/m/09x0r', '/m/0ytgt', '/t/dd00121', '/m/08p9q4', '/m/01z47d']", What is the highest mountain in the world?
397,3.197265625,0.01,"['/m/09x0r', '/m/0ytgt', '/t/dd00121', '/m/08p9q4', '/m/01z47d']", What is the highest mountain in the world?
398,2.943359375,0.01,"['/m/09x0r', '/m/0ytgt', '/t/dd00121', '/m/08p9q4', '/m/01z47d']", What is the highest mountain in the world?
399,4.0625,0.01,"['/m/09x0r', '/m/0ytgt', '/t/dd00121', '/m/08p9q4', '/m/01z47d']", What is the highest mountain in the world?
400,4.07421875,0.01,"['/m/09x0r', '/m/0ytgt', '/t/dd00121', '/m/08p9q4', '/m/01z47d']", What is the highest mountain in the world?
401,3.720703125,0.01,"['/m/09x0r', '/m/0ytgt', '/t/dd00121', '/m/08p9q4', '/m/01z47d']", What is the highest mountain in the world?
402,4.51953125,0.01,"['/m/09x0r', '/m/0ytgt', '/t/dd00121', '/m/08p9q4', '/m/01z47d']", What is the highest mountain in the world?
403,3.728515625,0.01,"['/m/09x0r', '/m/0ytgt', '/t/dd00121', '/m/08p9q4', '/m/01z47d']", What is the highest mountain in the world?
404,3.435546875,0.01,"['/m/09x0r', '/m/0ytgt', '/t/dd00121', '/m/08p9q4', '/m/01z47d']", What is the highest mountain in the world?
405,4.109375,0.01,"['/m/09x0r', '/m/0ytgt', '/t/dd00121', '/m/08p9q4', '/m/01z47d']", What is the highest mountain in the world?
406,3.36328125,0.01,"['/m/09x0r', '/m/0ytgt', '/t/dd00121', '/m/08p9q4', '/m/01z47d']", What is the highest mountain in the world?
407,4.1640625,0.01,"['/m/09x0r', '/m/0ytgt', '/t/dd00121', '/m/08p9q4', '/m/01z47d']", What is the highest mountain in the world?
408,3.416015625,0.01,"['/m/09x0r', '/m/0ytgt', '/t/dd00121', '/m/08p9q4', '/m/01z47d']", What is the highest mountain in the world?
409,3.17578125,0.01,"['/m/09x0r', '/m/0ytgt', '/t/dd00121', '/m/08p9q4', '/m/01z47d']", What is the highest mountain in the world?
410,3.822265625,0.01,"['/m/09x0r', '/m/0ytgt', '/t/dd00121', '/m/08p9q4', '/m/01z47d']", What is the highest mountain in the world?
411,3.234375,0.01,"['/m/09x0r', '/m/0ytgt', '/t/dd00121', '/m/08p9q4', '/m/01z47d']", What is the highest mountain in the world?
412,3.810546875,0.01,"['/m/09x0r', '/m/0ytgt', '/t/dd00121', '/m/08p9q4', '/m/01z47d']", What is the highest mountain in the world?
413,3.775390625,0.01,"['/m/09x0r', '/m/0ytgt', '/t/dd00121', '/m/08p9q4', '/m/01z47d']", What is the highest mountain in the world?
414,3.19921875,0.01,"['/m/09x0r', '/m/0ytgt', '/t/dd00121', '/m/08p9q4', '/m/01z47d']", What is the highest mountain in the world?
415,3.794921875,0.01,"['/m/09x0r', '/m/0ytgt', '/t/dd00121', '/m/08p9q4', '/m/01z47d']", What is the highest mountain in the world?
416,3.8359375,0.01,"['/m/09x0r', '/m/0ytgt', '/t/dd00121', '/m/08p9q4', '/m/01z47d']", What is the highest mountain in the world?
417,3.771484375,0.01,"['/m/09x0r', '/m/0ytgt', '/t/dd00121', '/m/08p9q4', '/m/01z47d']", What is the highest mountain in the world?
418,3.91796875,0.01,"['/m/09x0r', '/m/0ytgt', '/t/dd00121', '/m/08p9q4', '/m/07rcgpl']", What is the highest mountain in the world?
419,3.05078125,0.01,"['/m/09x0r', '/m/0ytgt', '/t/dd00121', '/m/08p9q4', '/m/07rcgpl']", What is the highest mountain in the world?
420,3.40625,0.01,"['/m/09x0r', '/m/0ytgt', '/t/dd00121', '/m/08p9q4', '/m/07rcgpl']", What is the highest mountain in the world?
421,3.279296875,0.01,"['/m/09x0r', '/m/0ytgt', '/t/dd00121', '/m/08p9q4', '/m/07rcgpl']", What is the highest mountain in the world?
422,3.236328125,0.01,"['/m/09x0r', '/m/0ytgt', '/t/dd00121', '/m/08p9q4', '/m/07rcgpl']", What is the highest mountain in the world?
423,3.37890625,0.01,"['/m/09x0r', '/m/0ytgt', '/t/dd00121', '/m/08p9q4', '/m/07rcgpl']", What is the highest mountain in the world?
424,3.14453125,0.01,"['/m/09x0r', '/m/0ytgt', '/t/dd00121', '/m/08p9q4', '/m/07rcgpl']", What is the highest mountain in the world?
425,4.375,0.01,"['/m/09x0r', '/m/0ytgt', '/t/dd00121', '/m/08p9q4', '/m/07rcgpl']", What is the highest mountain in the world?
426,3.919921875,0.01,"['/m/09x0r', '/m/0ytgt', '/t/dd00121', '/m/08p9q4', '/m/07rcgpl']", What is the highest mountain in the world?
427,3.02734375,0.01,"['/m/09x0r', '/m/0ytgt', '/t/dd00121', '/m/08p9q4', '/m/07rcgpl']", What is the highest mountain in the world?
428,3.546875,0.01,"['/m/09x0r', '/m/0ytgt', '/t/dd00121', '/m/08p9q4', '/m/07rcgpl']", What is the highest mountain in the world?
429,3.74609375,0.01,"['/m/09x0r', '/m/0ytgt', '/t/dd00121', '/m/08p9q4', '/m/07rcgpl']", What is the highest mountain in the world?
430,3.96484375,0.01,"['/m/09x0r', '/m/0ytgt', '/t/dd00121', '/m/08p9q4', '/m/07rcgpl']", What is the highest mountain in the world?
431,3.783203125,0.01,"['/m/09x0r', '/m/0ytgt', '/t/dd00121', '/m/08p9q4', '/m/07rcgpl']", What is the highest mountain in the world?
432,3.732421875,0.01,"['/m/09x0r', '/m/0ytgt', '/t/dd00121', '/m/08p9q4', '/m/07rcgpl']", What is the highest mountain in the world?
433,4.2421875,0.01,"['/m/09x0r', '/m/0ytgt', '/t/dd00121', '/m/08p9q4', '/m/07rcgpl']", What is the highest mountain in the world?
434,3.400390625,0.01,"['/m/09x0r', '/m/0ytgt', '/t/dd00121', '/m/08p9q4', '/m/07rcgpl']", What is the highest mountain in the world?
435,3.935546875,0.01,"['/m/09x0r', '/m/0ytgt', '/t/dd00121', '/m/08p9q4', '/m/07rcgpl']", What is the highest mountain in the world?
436,3.552734375,0.01,"['/m/09x0r', '/m/0ytgt', '/t/dd00121', '/m/08p9q4', '/m/07rcgpl']", What is the highest mountain in the world?
437,3.47265625,0.01,"['/m/09x0r', '/m/0ytgt', '/t/dd00121', '/m/08p9q4', '/m/07rcgpl']", What is the highest mountain in the world?
438,3.2265625,0.01,"['/m/09x0r', '/m/0ytgt', '/t/dd00121', '/m/08p9q4', '/m/07rcgpl']", What is the highest mountain in the world?
439,3.0078125,0.01,"['/m/09x0r', '/m/0ytgt', '/t/dd00121', '/m/08p9q4', '/m/07rcgpl']", What is the highest mountain in the world?
440,3.814453125,0.01,"['/m/09x0r', '/m/0ytgt', '/t/dd00121', '/m/08p9q4', '/m/07rcgpl']", What is the highest mountain in the world?
441,2.806640625,0.01,"['/m/09x0r', '/m/0ytgt', '/t/dd00121', '/m/08p9q4', '/m/07rcgpl']", What is the highest mountain in the world?
442,3.6875,0.01,"['/m/09x0r', '/m/0ytgt', '/t/dd00121', '/m/08p9q4', '/m/07rcgpl']", What is the highest mountain in the world?
443,3.310546875,0.01,"['/m/09x0r', '/m/0ytgt', '/t/dd00121', '/m/08p9q4', '/m/07rcgpl']", What is the highest mountain in the world?
444,3.150390625,0.01,"['/m/09x0r', '/m/0ytgt', '/t/dd00121', '/m/08p9q4', '/m/07rcgpl']", What is the highest mountain in the world?
445,3.736328125,0.01,"['/m/09x0r', '/m/0ytgt', '/t/dd00121', '/m/08p9q4', '/m/07rcgpl']", What is the highest mountain in the world?
446,3.458984375,0.01,"['/m/09x0r', '/m/0ytgt', '/m/08p9q4', '/t/dd00121', '/m/07rcgpl']", What is the highest mountain in the world?
447,3.92578125,0.01,"['/m/09x0r', '/m/0ytgt', '/m/08p9q4', '/t/dd00121', '/m/07rcgpl']", What is the highest mountain in the world?
448,3.234375,0.01,"['/m/09x0r', '/m/0ytgt', '/m/08p9q4', '/t/dd00121', '/m/07rcgpl']", What is the highest mountain in the world?
449,2.888671875,0.01,"['/m/09x0r', '/m/0ytgt', '/m/08p9q4', '/t/dd00121', '/m/07rcgpl']", What is the highest mountain in the world?
450,3.515625,0.01,"['/m/09x0r', '/m/0ytgt', '/m/08p9q4', '/t/dd00121', '/m/07rcgpl']", What is the highest mountain in the world?
451,3.486328125,0.01,"['/m/09x0r', '/m/0ytgt', '/m/08p9q4', '/t/dd00121', '/m/07rcgpl']", What is the highest mountain in the world?
452,3.076171875,0.01,"['/m/09x0r', '/m/0ytgt', '/m/08p9q4', '/t/dd00121', '/m/07rcgpl']", What is the highest mountain in the world?
453,3.228515625,0.01,"['/m/09x0r', '/m/0ytgt', '/m/08p9q4', '/t/dd00121', '/m/07rcgpl']", What is the highest mountain in the world?
454,3.4921875,0.01,"['/m/09x0r', '/m/0ytgt', '/m/08p9q4', '/t/dd00121', '/m/07rcgpl']", What is the highest mountain in the world?
455,2.921875,0.01,"['/m/09x0r', '/m/0ytgt', '/m/08p9q4', '/t/dd00121', '/m/07rcgpl']", What is the highest mountain in the world?
456,3.3203125,0.01,"['/m/09x0r', '/m/0ytgt', '/m/08p9q4', '/t/dd00121', '/m/07rcgpl']", What is the highest mountain in the world?
457,3.216796875,0.01,"['/m/09x0r', '/m/0ytgt', '/m/08p9q4', '/t/dd00121', '/m/07rcgpl']", What is the highest mountain in the world?
458,4.359375,0.01,"['/m/09x0r', '/m/0ytgt', '/m/08p9q4', '/t/dd00121', '/m/07rcgpl']", What is the highest mountain in the world?
459,3.341796875,0.01,"['/m/09x0r', '/m/0ytgt', '/m/08p9q4', '/t/dd00121', '/m/07rcgpl']", What is the highest mountain in the world?
460,3.1484375,0.01,"['/m/09x0r', '/m/0ytgt', '/m/08p9q4', '/t/dd00121', '/m/07rcgpl']", What is the highest mountain in the world?
461,3.65234375,0.01,"['/m/09x0r', '/m/0ytgt', '/m/08p9q4', '/t/dd00121', '/m/07rcgpl']", What is the highest mountain in the world?
462,3.451171875,0.01,"['/m/09x0r', '/m/0ytgt', '/m/08p9q4', '/t/dd00121', '/m/07rcgpl']", What is the highest mountain in the world?
463,3.552734375,0.01,"['/m/09x0r', '/m/0ytgt', '/m/08p9q4', '/t/dd00121', '/m/07rcgpl']", What is the highest mountain in the world?
464,3.990234375,0.01,"['/m/09x0r', '/m/0ytgt', '/m/08p9q4', '/t/dd00121', '/m/07rcgpl']", What is the highest mountain in the world?
465,3.3125,0.01,"['/m/09x0r', '/m/0ytgt', '/m/08p9q4', '/t/dd00121', '/m/07rcgpl']", What is the highest mountain in the world?
466,3.662109375,0.01,"['/m/09x0r', '/m/0ytgt', '/m/08p9q4', '/t/dd00121', '/m/07rcgpl']", What is the highest mountain in the world?
467,3.208984375,0.01,"['/m/09x0r', '/m/0ytgt', '/m/08p9q4', '/t/dd00121', '/m/07rcgpl']", What is the highest mountain in the world?
468,3.58984375,0.01,"['/m/09x0r', '/m/0ytgt', '/m/08p9q4', '/t/dd00121', '/m/07rcgpl']", What is the highest mountain in the world?
469,3.40234375,0.01,"['/m/09x0r', '/m/0ytgt', '/m/08p9q4', '/t/dd00121', '/m/07rcgpl']", What is the highest mountain in the world?
470,3.095703125,0.01,"['/m/09x0r', '/m/0ytgt', '/m/08p9q4', '/t/dd00121', '/m/07rcgpl']", What is the highest mountain in the world?
471,4.5703125,0.01,"['/m/09x0r', '/m/0ytgt', '/m/08p9q4', '/t/dd00121', '/m/07rcgpl']", What is the highest mountain in the world?
472,4.03125,0.01,"['/m/09x0r', '/m/0ytgt', '/m/08p9q4', '/t/dd00121', '/m/07rcgpl']", What is the highest mountain in the world?
473,3.44140625,0.01,"['/m/09x0r', '/m/0ytgt', '/m/08p9q4', '/t/dd00121', '/m/07rcgpl']", What is the highest mountain in the world?
474,3.443359375,0.01,"['/m/09x0r', '/m/0ytgt', '/m/08p9q4', '/m/07rcgpl', '/t/dd00121']", What is the highest mountain in the world?
475,4.16015625,0.01,"['/m/09x0r', '/m/0ytgt', '/m/08p9q4', '/m/07rcgpl', '/t/dd00121']", What is the highest mountain in the world?
476,3.65234375,0.01,"['/m/09x0r', '/m/0ytgt', '/m/08p9q4', '/m/07rcgpl', '/t/dd00121']", What is the highest mountain in the world?
477,3.21875,0.01,"['/m/09x0r', '/m/0ytgt', '/m/08p9q4', '/m/07rcgpl', '/t/dd00121']", What is the highest mountain in the world?
478,4.09765625,0.01,"['/m/09x0r', '/m/0ytgt', '/m/08p9q4', '/m/07rcgpl', '/t/dd00121']", What is the highest mountain in the world?
479,3.203125,0.01,"['/m/09x0r', '/m/0ytgt', '/m/08p9q4', '/m/07rcgpl', '/t/dd00121']", What is the highest mountain in the world?
480,2.986328125,0.01,"['/m/09x0r', '/m/0ytgt', '/m/08p9q4', '/m/07rcgpl', '/t/dd00121']", What is the highest mountain in the world?
481,3.345703125,0.01,"['/m/09x0r', '/m/0ytgt', '/m/08p9q4', '/m/07rcgpl', '/t/dd00121']", What is the highest mountain in the world?
482,3.791015625,0.01,"['/m/09x0r', '/m/0ytgt', '/m/08p9q4', '/m/07rcgpl', '/t/dd00121']", What is the highest mountain in the world?
483,3.1640625,0.01,"['/m/09x0r', '/m/0ytgt', '/m/08p9q4', '/m/07rcgpl', '/m/01jg02']", What is the highest mountain in the world?
484,3.20703125,0.01,"['/m/09x0r', '/m/0ytgt', '/m/08p9q4', '/m/07rcgpl', '/m/01jg02']", What is the highest mountain in the world?
485,2.994140625,0.01,"['/m/09x0r', '/m/0ytgt', '/m/08p9q4', '/m/07rcgpl', '/m/01jg02']", What is the highest mountain in the world?
486,3.6328125,0.01,"['/m/09x0r', '/m/0ytgt', '/m/08p9q4', '/m/07rcgpl', '/m/01jg02']", What is the highest mountain in the world?
487,3.45703125,0.01,"['/m/09x0r', '/m/0ytgt', '/m/08p9q4', '/m/07rcgpl', '/m/01jg02']", What is the highest mountain in the world?
488,3.365234375,0.01,"['/m/09x0r', '/m/0ytgt', '/m/08p9q4', '/m/07rcgpl', '/m/01jg02']", What is the highest mountain in the world?
489,4.640625,0.01,"['/m/09x0r', '/m/0ytgt', '/m/08p9q4', '/m/07rcgpl', '/m/01jg02']", What is the highest mountain in the world?
490,3.09375,0.01,"['/m/09x0r', '/m/0ytgt', '/m/08p9q4', '/m/07rcgpl', '/m/01jg02']", What is the highest mountain in the world?
491,3.296875,0.01,"['/m/09x0r', '/m/0ytgt', '/m/08p9q4', '/m/07rcgpl', '/m/01jg02']", What is the highest mountain in the world?
492,3.8984375,0.01,"['/m/09x0r', '/m/0ytgt', '/m/08p9q4', '/m/07rcgpl', '/m/01jg02']", What is the highest mountain in the world?
493,3.361328125,0.01,"['/m/09x0r', '/m/0ytgt', '/m/08p9q4', '/m/07rcgpl', '/m/01jg02']", What is the highest mountain in the world?
494,3.529296875,0.01,"['/m/09x0r', '/m/0ytgt', '/m/08p9q4', '/m/07rcgpl', '/m/01jg02']", What is the highest mountain in the world?
495,4.03515625,0.01,"['/m/09x0r', '/m/0ytgt', '/m/08p9q4', '/m/07rcgpl', '/m/01jg02']", What is the highest mountain in the world?
496,3.837890625,0.01,"['/m/09x0r', '/m/0ytgt', '/m/08p9q4', '/m/07rcgpl', '/m/01jg02']", What is the highest mountain in the world?
497,3.86328125,0.01,"['/m/09x0r', '/m/0ytgt', '/m/08p9q4', '/m/07rcgpl', '/m/01jg02']", What is the highest mountain in the world?
498,3.322265625,0.01,"['/m/09x0r', '/m/0ytgt', '/m/08p9q4', '/m/07rcgpl', '/m/01jg02']", What is the highest mountain in the world?
499,2.986328125,0.01,"['/m/09x0r', '/m/0ytgt', '/m/08p9q4', '/m/07rcgpl', '/m/01jg02']", What is the highest mountain in the world?
500,4.234375,0.01,"['/m/09x0r', '/m/0ytgt', '/m/07rcgpl', '/m/08p9q4', '/m/01jg02']", What is the highest mountain in the world?
